Date,Description,Withdrawals,Deposits,Balance,Check Number
09/01/2026,DEPOSIT 41928,,4831.31,96375.43,
09/01/2026,DEPOSIT 25798,,4745.13,101120.56,
09/01/2026,DEBIT CARD PURCHASE CLEARVIEW IMAGING SERV,115.66,,101004.90,
09/02/2026,ACH CREDIT PAYSWIFT PAYOUT 35603483,,1992.38,102997.28,
09/02/2026,ACH CREDIT PAYSWIFT PAYOUT 33827068,,315.18,103312.46,
09/02/2026,ACH CREDIT DELACROIX EVENTS 6576,,191.93,103504.39,
09/02/2026,CHECK 5207,2336.73,,101167.66,5207
09/02/2026,CHECK 5208,122.57,,101045.09,5208
09/02/2026,DEBIT CARD PURCHASE KEYSTONE UNIFORM RENTA,69.89,,100975.20,
09/02/2026,POS 9313 BRIGHTLINE DENTAL SUPP SAN MATEO,656.41,,100318.79,
09/02/2026,POS 9313 BRIGHTLINE DENTAL SUPP SAN MATEO,385.31,,99933.48,
09/02/2026,POS 9313 ORCHARD LAB PARTNERS SAN MATEO,579.79,,99353.69,
09/02/2026,WIRE OUT CLEARVIEW IMAGING SERVIC REF 666213,2974.03,,96379.66,
09/03/2026,ACH CREDIT DELACROIX EVENTS 6937,,4809.41,101189.07,
09/03/2026,ACH CREDIT PAYSWIFT PAYOUT 20320864,,1789.02,102978.09,
09/03/2026,ACH DEBIT ORCHARD LAB PARTNERS 413501,2992.11,,99985.98,
09/03/2026,POS 9313 CLEARVIEW IMAGING SERV SAN MATEO,113.58,,99872.40,
09/04/2026,ACH CREDIT PAYSWIFT PAYOUT 37576753,,965.33,100837.73,
09/04/2026,ACH CREDIT PAYSWIFT PAYOUT 98163494,,696.41,101534.14,
09/04/2026,ACH CREDIT PAYSWIFT PAYOUT 53443099,,466.87,102001.01,
09/04/2026,BRANCH DEPOSIT 14599,,704.43,102705.44,
09/04/2026,ACH CREDIT EVERGREEN CHARTER SCHOOL 1048,,3173.11,105878.55,
09/04/2026,CHECK 5206,1858.83,,104019.72,5206
09/04/2026,ACH DEBIT BAYSHORE MUTUAL INS PREM,977.48,,103042.24,
09/04/2026,WIRE OUT BRIGHTLINE DENTAL SUPPLY REF 888228,4770.13,,98272.11,
09/04/2026,WIRE OUT CLEARVIEW IMAGING SERVIC REF 278004,2035.99,,96236.12,
09/04/2026,POS 9313 CLEARVIEW IMAGING SERV SAN MATEO,439.41,,95796.71,
09/07/2026,ACH CREDIT PAYSWIFT PAYOUT 56613156,,772.79,96569.50,
09/07/2026,DEPOSIT 60430,,4704.45,101273.95,
09/07/2026,ACH CREDIT PAYSWIFT PAYOUT 70711410,,791.83,102065.78,
09/07/2026,MOBILE DEPOSIT 77242,,986.42,103052.20,
09/07/2026,ACH CREDIT PAYSWIFT PAYOUT 86612727,,1543.56,104595.76,
09/07/2026,MOBILE DEPOSIT 26599,,4011.07,108606.83,
09/07/2026,MOBILE DEPOSIT 29416,,3755.20,112362.03,
09/07/2026,ACH CREDIT PAYSWIFT PAYOUT 41519127,,1170.36,113532.39,
09/07/2026,MOBILE DEPOSIT 40913,,969.05,114501.44,
09/07/2026,ACH CREDIT PAYSWIFT PAYOUT 45084435,,1624.72,116126.16,
09/07/2026,ACH DEBIT MERIDIAN PROPERTY MGMT RENT,8355.19,,107770.97,
09/07/2026,ACH DEBIT CLEARVIEW IMAGING SERVIC 413457,1239.22,,106531.75,
09/07/2026,CHECK 5210,1424.37,,105107.38,5210
09/07/2026,ACH DEBIT CLEARVIEW IMAGING SERVIC 413475,1596.42,,103510.96,
09/07/2026,DEBIT CARD PURCHASE KEYSTONE UNIFORM RENTA,23.69,,103487.27,
09/07/2026,DEBIT CARD PURCHASE KEYSTONE UNIFORM RENTA,11.28,,103475.99,
09/07/2026,CHECK 5216,82.93,,103393.06,5216
09/07/2026,POS 9313 ORCHARD LAB PARTNERS SAN MATEO,675.67,,102717.39,
09/07/2026,POS 9313 CLEARVIEW IMAGING SERV SAN MATEO,176.30,,102541.09,
09/07/2026,WIRE OUT CLEARVIEW IMAGING SERVIC REF 823047,3348.40,,99192.69,
09/07/2026,CHECK 5231,1033.48,,98159.21,5231
09/07/2026,POS 9313 ORCHARD LAB PARTNERS SAN MATEO,284.37,,97874.84,
09/07/2026,DEBIT CARD PURCHASE CLEARVIEW IMAGING SERV,57.83,,97817.01,
09/07/2026,POS 9313 BRIGHTLINE DENTAL SUPP SAN MATEO,750.44,,97066.57,
09/07/2026,POS 9313 BRIGHTLINE DENTAL SUPP SAN MATEO,90.04,,96976.53,
09/08/2026,ACH CREDIT PAYSWIFT PAYOUT 75519408,,1830.96,98807.49,
09/08/2026,ACH CREDIT PAYSWIFT PAYOUT 58139327,,1113.39,99920.88,
09/08/2026,ACH CREDIT PAYSWIFT PAYOUT 27778828,,1587.06,101507.94,
09/08/2026,ACH CREDIT PAYSWIFT PAYOUT 58820667,,530.23,102038.17,
09/08/2026,ACH CREDIT PAYSWIFT PAYOUT 84120906,,732.08,102770.25,
09/08/2026,ACH CREDIT PAYSWIFT PAYOUT 87480853,,1703.56,104473.81,
09/08/2026,ACH DEBIT CLOUDLEDGER SUBSCRIPTION,110.14,,104363.67,
09/08/2026,WIRE OUT CLEARVIEW IMAGING SERVIC REF 912417,2651.71,,101711.96,
09/08/2026,ACH DEBIT BRIGHTLINE DENTAL SUPPLY 413743,1756.03,,99955.93,
09/08/2026,DEBIT CARD PURCHASE ORCHARD LAB PARTNERS,572.40,,99383.53,
09/09/2026,ACH CREDIT PAYSWIFT PAYOUT 11632145,,1607.73,100991.26,
09/09/2026,ACH CREDIT DELACROIX EVENTS 8445,,5112.33,106103.59,
09/09/2026,ACH CREDIT PAYSWIFT PAYOUT 34280787,,305.18,106408.77,
09/09/2026,CHECK 5220,171.81,,106236.96,5220
09/09/2026,ACH DEBIT BRIGHTLINE DENTAL SUPPLY 413775,2295.99,,103940.97,
09/09/2026,ACH DEBIT CLEARVIEW IMAGING SERVIC 413804,836.08,,103104.89,
09/09/2026,POS 9313 ORCHARD LAB PARTNERS SAN MATEO,73.95,,103030.94,
09/09/2026,WIRE OUT BRIGHTLINE DENTAL SUPPLY REF 844652,3016.77,,100014.17,
09/10/2026,ACH CREDIT PAYSWIFT PAYOUT 19358396,,997.65,101011.82,
09/10/2026,ACH CREDIT PAYSWIFT PAYOUT 43976896,,676.56,101688.38,
09/10/2026,CHECK 5215,261.95,,101426.43,5215
09/10/2026,DEBIT CARD PURCHASE BRIGHTLINE DENTAL SUPP,443.97,,100982.46,
09/10/2026,CHECK 5217,970.77,,100011.69,5217
09/10/2026,DEBIT CARD PURCHASE CLEARVIEW IMAGING SERV,275.96,,99735.73,
09/10/2026,DEBIT CARD PURCHASE KEYSTONE UNIFORM RENTA,51.72,,99684.01,
09/10/2026,WIRE OUT BRIGHTLINE DENTAL SUPPLY REF 651094,3609.85,,96074.16,
09/10/2026,WIRE OUT ORCHARD LAB PARTNERS REF 622764,6505.70,,89568.46,
09/10/2026,CHECK 5230,1389.67,,88178.79,5230
09/11/2026,ACH CREDIT PAYSWIFT PAYOUT 92752344,,1106.89,89285.68,
09/11/2026,ACH CREDIT PAYSWIFT PAYOUT 54482827,,1975.11,91260.79,
09/11/2026,BRANCH DEPOSIT 33856,,3352.37,94613.16,
09/11/2026,ACH CREDIT PAYSWIFT PAYOUT 84014412,,224.41,94837.57,
09/11/2026,POS 9313 BRIGHTLINE DENTAL SUPP SAN MATEO,297.76,,94539.81,
09/11/2026,ACH DEBIT KEYSTONE UNIFORM RENTAL 413677,172.08,,94367.73,
09/11/2026,CHECK 5222,63.69,,94304.04,5222
09/11/2026,CHECK 5228,968.21,,93335.83,5228
09/11/2026,POS 9313 CLEARVIEW IMAGING SERV SAN MATEO,69.27,,93266.56,
09/14/2026,ACH CREDIT PAYSWIFT PAYOUT 81240763,,1324.43,94590.99,
09/14/2026,ACH CREDIT DELACROIX EVENTS 1153,,2287.51,96878.50,
09/14/2026,ACH CREDIT NORTHPOINT CLINIC 3632,,2186.83,99065.33,
09/14/2026,ACH CREDIT MARIN WELLNESS CENTER 2682,,3517.84,102583.17,
09/14/2026,DEBIT CARD PURCHASE ORCHARD LAB PARTNERS,183.48,,102399.69,
09/14/2026,CHECK 5213,2087.46,,100312.23,5213
09/14/2026,ACH DEBIT KEYSTONE UNIFORM RENTAL 413519,130.92,,100181.31,
09/14/2026,DEBIT CARD PURCHASE KEYSTONE UNIFORM RENTA,29.55,,100151.76,
09/14/2026,POS 9313 ORCHARD LAB PARTNERS SAN MATEO,621.60,,99530.16,
09/14/2026,POS 9313 CLEARVIEW IMAGING SERV SAN MATEO,495.29,,99034.87,
09/14/2026,DEBIT CARD PURCHASE CLEARVIEW IMAGING SERV,378.94,,98655.93,
09/14/2026,DEBIT CARD PURCHASE KEYSTONE UNIFORM RENTA,13.14,,98642.79,
09/14/2026,DEBIT CARD PURCHASE ORCHARD LAB PARTNERS,147.66,,98495.13,
09/14/2026,POS 9313 CLEARVIEW IMAGING SERV SAN MATEO,243.60,,98251.53,
09/14/2026,ACH DEBIT KEYSTONE UNIFORM RENTAL 413718,139.52,,98112.01,
09/14/2026,WIRE OUT KEYSTONE UNIFORM RENTAL REF 556340,319.18,,97792.83,
09/14/2026,POS 9313 CLEARVIEW IMAGING SERV SAN MATEO,403.72,,97389.11,
09/14/2026,CHECK 5226,1252.85,,96136.26,5226
09/14/2026,DEBIT CARD PURCHASE ORCHARD LAB PARTNERS,861.28,,95274.98,
09/14/2026,POS 9313 BRIGHTLINE DENTAL SUPP SAN MATEO,243.50,,95031.48,
09/14/2026,POS 9313 KEYSTONE UNIFORM RENTA SAN MATEO,54.68,,94976.80,
09/14/2026,WIRE OUT BRIGHTLINE DENTAL SUPPLY REF 386662,2883.32,,92093.48,
09/14/2026,CHECK 5236,212.09,,91881.39,5236
09/14/2026,ACH DEBIT ORCHARD LAB PARTNERS 817549,2452.04,,89429.35,
09/15/2026,DEPOSIT 59059,,1230.83,90660.18,
09/15/2026,ACH CREDIT PAYSWIFT PAYOUT 22068916,,1910.06,92570.24,
09/15/2026,BRANCH DEPOSIT 65378,,3996.61,96566.85,
09/15/2026,DEPOSIT 16933,,2069.85,98636.70,
09/15/2026,MOBILE DEPOSIT 15948,,2194.55,100831.25,
09/15/2026,ACH CREDIT PAYSWIFT PAYOUT 84465640,,191.51,101022.76,
09/15/2026,ACH DEBIT COASTLINE POWER AND WATER,670.14,,100352.62,
09/15/2026,ACH DEBIT LEDGERLY PAYROLL PPD,16389.71,,83962.91,
09/15/2026,WIRE OUT ORCHARD LAB PARTNERS REF 167776,3163.58,,80799.33,
09/15/2026,POS 9313 CLEARVIEW IMAGING SERV SAN MATEO,170.66,,80628.67,
09/15/2026,CHECK 5221,2541.68,,78086.99,5221
09/15/2026,WIRE OUT BRIGHTLINE DENTAL SUPPLY REF 788928,2469.50,,75617.49,
09/15/2026,POS 9313 KEYSTONE UNIFORM RENTA SAN MATEO,41.10,,75576.39,
09/15/2026,POS 9313 BRIGHTLINE DENTAL SUPP SAN MATEO,476.23,,75100.16,
09/16/2026,ACH CREDIT PAYSWIFT PAYOUT 30276206,,1847.05,76947.21,
09/16/2026,ACH CREDIT PAYSWIFT PAYOUT 73003578,,1281.36,78228.57,
09/16/2026,ACH CREDIT PAYSWIFT PAYOUT 93489613,,1867.49,80096.06,
09/16/2026,CHECK 5219,1518.18,,78577.88,5219
09/16/2026,POS 9313 ORCHARD LAB PARTNERS SAN MATEO,424.69,,78153.19,
09/17/2026,ACH CREDIT JUNIPER TECH LABS 1988,,2429.95,80583.14,
09/17/2026,ACH CREDIT PAYSWIFT PAYOUT 62164409,,1560.91,82144.05,
09/17/2026,ACH CREDIT MARIN WELLNESS CENTER 6956,,2768.96,84913.01,
09/17/2026,ACH CREDIT PAYSWIFT PAYOUT 56445782,,1833.56,86746.57,
09/17/2026,BRANCH DEPOSIT 82867,,4351.10,91097.67,
09/17/2026,ACH DEBIT CLEARVIEW IMAGING SERVIC 413833,704.42,,90393.25,
09/17/2026,DEBIT CARD PURCHASE BRIGHTLINE DENTAL SUPP,708.66,,89684.59,
09/17/2026,POS 9313 BRIGHTLINE DENTAL SUPP SAN MATEO,169.29,,89515.30,
09/18/2026,ACH CREDIT PAYSWIFT PAYOUT 88078110,,1096.91,90612.21,
09/18/2026,DEPOSIT 48978,,637.95,91250.16,
09/18/2026,ACH CREDIT PAYSWIFT PAYOUT 83189424,,613.11,91863.27,
09/18/2026,ACH CREDIT PAYSWIFT PAYOUT 85665060,,1072.45,92935.72,
09/18/2026,ACH CREDIT PAYSWIFT PAYOUT 13548896,,1916.80,94852.52,
09/18/2026,ACH DEBIT KEYSTONE UNIFORM RENTAL 413620,234.00,,94618.52,
09/18/2026,WIRE OUT ORCHARD LAB PARTNERS REF 196884,3332.50,,91286.02,
09/18/2026,POS 9313 BRIGHTLINE DENTAL SUPP SAN MATEO,613.08,,90672.94,
09/18/2026,POS 9313 KEYSTONE UNIFORM RENTA SAN MATEO,41.07,,90631.87,
09/21/2026,ACH CREDIT DELACROIX EVENTS 2765,,3680.53,94312.40,
09/21/2026,DEPOSIT 25965,,4649.51,98961.91,
09/21/2026,ACH CREDIT OAKMONT HOTEL GROUP 9030,,439.06,99400.97,
09/21/2026,ACH CREDIT PAYSWIFT PAYOUT 46829861,,276.13,99677.10,
09/21/2026,ACH CREDIT PAYSWIFT PAYOUT 38275327,,1962.78,101639.88,
09/21/2026,DEPOSIT 28974,,2036.70,103676.58,
09/21/2026,ACH CREDIT PAYSWIFT PAYOUT 95060045,,1624.50,105301.08,
09/21/2026,ACH CREDIT OAKMONT HOTEL GROUP 5488,,1773.73,107074.81,
09/21/2026,MOBILE DEPOSIT 51793,,1912.94,108987.75,
09/21/2026,MOBILE DEPOSIT 18765,,1821.69,110809.44,
09/21/2026,ACH CREDIT PAYSWIFT PAYOUT 77339253,,955.06,111764.50,
09/21/2026,ACH DEBIT FIRST COAST BANK LOAN PMT,1412.74,,110351.76,
09/21/2026,POS 9313 ORCHARD LAB PARTNERS SAN MATEO,149.24,,110202.52,
09/21/2026,CHECK 5211,212.83,,109989.69,5211
09/21/2026,CHECK 5212,205.67,,109784.02,5212
09/21/2026,CHECK 5214,1294.94,,108489.08,5214
09/21/2026,POS 9313 ORCHARD LAB PARTNERS SAN MATEO,704.01,,107785.07,
09/21/2026,ACH DEBIT BRIGHTLINE DENTAL SUPPLY 413654,1576.87,,106208.20,
09/21/2026,POS 9313 ORCHARD LAB PARTNERS SAN MATEO,246.64,,105961.56,
09/21/2026,DEBIT CARD PURCHASE CLEARVIEW IMAGING SERV,205.51,,105756.05,
09/21/2026,DEBIT CARD PURCHASE ORCHARD LAB PARTNERS,351.46,,105404.59,
09/21/2026,ACH DEBIT KEYSTONE UNIFORM RENTAL 413706,147.76,,105256.83,
09/21/2026,DEBIT CARD PURCHASE BRIGHTLINE DENTAL SUPP,602.71,,104654.12,
09/21/2026,CHECK 5225,501.25,,104152.87,5225
09/21/2026,DEBIT CARD PURCHASE BRIGHTLINE DENTAL SUPP,224.61,,103928.26,
09/21/2026,POS 9313 ORCHARD LAB PARTNERS SAN MATEO,824.08,,103104.18,
09/21/2026,ACH DEBIT CLEARVIEW IMAGING SERVIC 413880,644.26,,102459.92,
09/21/2026,WIRE OUT KEYSTONE UNIFORM RENTAL REF 385441,436.70,,102023.22,
09/21/2026,ACH DEBIT ORCHARD LAB PARTNERS 413905,2298.38,,99724.84,
09/21/2026,DEBIT CARD PURCHASE ORCHARD LAB PARTNERS,345.11,,99379.73,
09/21/2026,ACH DEBIT CLEARVIEW IMAGING SERVIC 413919,499.99,,98879.74,
09/21/2026,CHECK 5235,181.94,,98697.80,5235
09/21/2026,DEBIT CARD PURCHASE KEYSTONE UNIFORM RENTA,24.17,,98673.63,
09/21/2026,POS 9313 KEYSTONE UNIFORM RENTA SAN MATEO,18.77,,98654.86,
09/22/2026,ACH CREDIT PAYSWIFT PAYOUT 56129158,,652.97,99307.83,
09/22/2026,ACH CREDIT NORTHPOINT CLINIC 1072,,4437.50,103745.33,
09/22/2026,ACH CREDIT EVERGREEN CHARTER SCHOOL 9891,,2565.30,106310.63,
09/22/2026,POS 9313 CLEARVIEW IMAGING SERV SAN MATEO,323.35,,105987.28,
09/22/2026,ACH DEBIT KEYSTONE UNIFORM RENTAL 413584,239.06,,105748.22,
09/22/2026,POS 9313 KEYSTONE UNIFORM RENTA SAN MATEO,70.08,,105678.14,
09/22/2026,DEBIT CARD PURCHASE KEYSTONE UNIFORM RENTA,33.16,,105644.98,
09/22/2026,CHECK 5223,384.95,,105260.03,5223
09/22/2026,CHECK 5229,144.53,,105115.50,5229
09/22/2026,ACH DEBIT KEYSTONE UNIFORM RENTAL 413872,223.18,,104892.32,
09/22/2026,CHECK 5232,209.13,,104683.19,5232
09/23/2026,ACH CREDIT NORTHPOINT CLINIC 1739,,2428.51,107111.70,
09/23/2026,ACH DEBIT CA DEPT TAX FEE ADMIN,1062.85,,106048.85,
09/23/2026,POS 9313 CLEARVIEW IMAGING SERV SAN MATEO,363.05,,105685.80,
09/23/2026,CHECK 5233,89.98,,105595.82,5233
09/23/2026,CHECK 5234,2724.17,,102871.65,5234
09/24/2026,ACH CREDIT JUNIPER TECH LABS 2660,,5039.39,107911.04,
09/24/2026,DEPOSIT 76830,,2468.83,110379.87,
09/24/2026,ACH CREDIT EVERGREEN CHARTER SCHOOL 2591,,446.44,110826.31,
09/24/2026,ACH CREDIT PAYSWIFT PAYOUT 21717467,,1283.92,112110.23,
09/24/2026,ACH CREDIT PAYSWIFT PAYOUT 42317220,,715.37,112825.60,
09/24/2026,ACH CREDIT HILLTOP UNIFIED PTA 2736,,4223.52,117049.12,
09/24/2026,DEBIT CARD PURCHASE CLEARVIEW IMAGING SERV,340.08,,116709.04,
09/24/2026,DEBIT CARD PURCHASE BRIGHTLINE DENTAL SUPP,118.13,,116590.91,
09/24/2026,CHECK 5218,86.78,,116504.13,5218
09/24/2026,WIRE OUT CLEARVIEW IMAGING SERVIC REF 802121,2898.52,,113605.61,
09/24/2026,CHECK 5227,1154.74,,112450.87,5227
09/24/2026,WIRE OUT CLEARVIEW IMAGING SERVIC REF 809749,3464.80,,108986.07,
09/24/2026,WIRE OUT ORCHARD LAB PARTNERS REF 629213,5439.03,,103547.04,
09/24/2026,DEBIT CARD PURCHASE CLEARVIEW IMAGING SERV,62.68,,103484.36,
09/25/2026,ACH CREDIT PAYSWIFT PAYOUT 34475850,,513.43,103997.79,
09/25/2026,ACH CREDIT PAYSWIFT PAYOUT 11817577,,1141.05,105138.84,
09/25/2026,DEPOSIT 67098,,3646.02,108784.86,
09/25/2026,ACH CREDIT MARIN WELLNESS CENTER 2022,,1872.46,110657.32,
09/25/2026,ACH CREDIT PAYSWIFT PAYOUT 52041523,,483.55,111140.87,
09/25/2026,ACH CREDIT PAYSWIFT PAYOUT 22131603,,2127.76,113268.63,
09/25/2026,WIRE OUT CLEARVIEW IMAGING SERVIC REF 867221,3280.26,,109988.37,
09/25/2026,ACH DEBIT BRIGHTLINE DENTAL SUPPLY 413551,1300.27,,108688.10,
09/25/2026,WIRE OUT KEYSTONE UNIFORM RENTAL REF 236464,341.82,,108346.28,
09/25/2026,CHECK 5224,649.09,,107697.19,5224
09/28/2026,ACH CREDIT PAYSWIFT PAYOUT 77443886,,781.23,108478.42,
09/28/2026,ACH CREDIT PAYSWIFT PAYOUT 67185935,,1027.05,109505.47,
09/28/2026,ACH CREDIT PAYSWIFT PAYOUT 31755010,,490.11,109995.58,
09/28/2026,BRANCH DEPOSIT 65416,,2783.29,112778.87,
09/28/2026,ACH CREDIT PAYSWIFT PAYOUT 95816205,,1722.10,114500.97,
09/28/2026,DEPOSIT 77474,,290.49,114791.46,
09/28/2026,DEBIT CARD PURCHASE BRIGHTLINE DENTAL SUPP,689.29,,114102.17,
09/28/2026,DEBIT CARD PURCHASE ORCHARD LAB PARTNERS,99.07,,114003.10,
09/28/2026,DEBIT CARD PURCHASE ORCHARD LAB PARTNERS,912.81,,113090.29,
09/28/2026,WIRE OUT BRIGHTLINE DENTAL SUPPLY REF 128757,4185.53,,108904.76,
09/28/2026,ACH DEBIT CLEARVIEW IMAGING SERVIC 413837,440.81,,108463.95,
09/29/2026,ACH DEBIT LEDGERLY PAYROLL PPD,10424.49,,98039.46,
09/30/2026,INTEREST PAYMENT,,13.42,98052.88,
