Entry No,Date,Journal,Description,Name,Check No,Split,Amount,Balance
GL-33645,09/01/2026,CD-198000,Wire to Bayside Court Reporters,Bayside Court Reporters,,2000,-3695.40,212818.90
GL-33646,09/01/2026,CR-300001,PaySwift payout 9/1,PaySwift,,4100,1137.42,213956.32
GL-33647,09/01/2026,CR-977002,Payment - Bayline Offices INV-5956,Bayline Offices,,1200,581.11,214537.43
GL-33648,09/01/2026,CR-537003,Deposit - Lindqvist Family Trust check 3301,Lindqvist Family Trust,,1200,1369.19,215906.62
GL-33649,09/01/2026,CD-431004,Wire to Parchment Office Supply,Parchment Office Supply,,2000,-812.50,215094.12
GL-33650,09/01/2026,CD-713005,Check #8817 Parchment Office Supply,Parchment Office Supply,8817,2000,-462.12,214632.00
GL-33651,09/01/2026,CD-595006,Process service - Metro Process Servers,Metro Process Servers,,6500,-53.63,214578.37
GL-33652,09/01/2026,CR-880007,Deposit - Juniper Tech Labs check 6408,Juniper Tech Labs,,1200,934.54,215512.91
GL-33653,09/01/2026,CD-279008,Check #8822 Caselight Legal Research,Caselight Legal Research,8822,2000,-1345.25,214167.66
GL-33654,09/01/2026,CD-188009,Bayside Court Reporters inv 43246,Bayside Court Reporters,,2000,-2325.81,211841.85
GL-33655,09/02/2026,CD-540010,Research subscription - Caselight Legal Research,Caselight Legal Research,,6800,-581.01,211260.84
GL-33656,09/02/2026,CD-351011,Wire to Parchment Office Supply,Parchment Office Supply,,2000,-586.58,210674.26
GL-33657,09/02/2026,CD-592012,Caselight Legal Research inv 31672,Caselight Legal Research,,2000,-1283.51,209390.75
GL-33658,09/02/2026,CD-224013,Research subscription - Caselight Legal Research,Caselight Legal Research,,6800,-455.95,208934.80
GL-33659,09/02/2026,CR-786014,Deposit - Oakmont Hotel Group check 3836,Oakmont Hotel Group,,1200,1644.58,210579.38
GL-33660,09/02/2026,CD-806015,Court reporting - Bayside Court Reporters,Bayside Court Reporters,,6500,-444.91,210134.47
GL-33661,09/02/2026,CD-355016,Caselight Legal Research inv 92991,Caselight Legal Research,,2000,-483.98,209650.49
GL-33662,09/03/2026,CD-991017,Insurance premium - Bayshore Mutual,Bayshore Mutual Insurance,,6300,-1180.82,208469.67
GL-33663,09/03/2026,CR-284018,Payment - Evergreen Charter School INV-9737,Evergreen Charter School,,1200,740.04,209209.71
GL-33664,09/03/2026,CD-158019,Check #8806 Bayside Court Reporters,Bayside Court Reporters,8806,2000,-1490.36,207719.35
GL-33665,09/03/2026,CD-757020,Office supplies - Parchment Office Supply,Parchment Office Supply,,6400,-59.09,207660.26
GL-33666,09/03/2026,CD-807021,Court reporting - Bayside Court Reporters,Bayside Court Reporters,,6500,-360.69,207299.57
GL-33667,09/04/2026,CD-208022,Court reporting - Bayside Court Reporters,Bayside Court Reporters,,6500,-677.34,206622.23
GL-33668,09/04/2026,CR-710023,PaySwift payout 9/4,PaySwift,,4100,1154.77,207777.00
GL-33669,09/04/2026,CD-877024,Wire to Parchment Office Supply,Parchment Office Supply,,2000,-531.63,207245.37
GL-33670,09/05/2026,CD-347025,September rent - Meridian Property Mgmt,Meridian Property Mgmt,,6000,-4800.46,202444.91
GL-33671,09/05/2026,CR-518026,Payment - Bayline Offices INV-9915,Bayline Offices,,1200,809.30,203254.21
GL-33672,09/05/2026,CD-417027,Check #8809 Caselight Legal Research,Caselight Legal Research,8809,2000,-1142.08,202112.13
GL-33673,09/05/2026,CR-356028,PaySwift payout 9/5,PaySwift,,4100,565.97,202678.10
GL-33674,09/05/2026,CR-574029,PaySwift payout 9/5,PaySwift,,4100,1038.11,203716.21
GL-33675,09/05/2026,CD-357030,Caselight Legal Research inv 7978,Caselight Legal Research,,2000,-1544.79,202171.42
GL-33676,09/05/2026,CD-497031,Court reporting - Bayside Court Reporters,Bayside Court Reporters,,6500,-245.59,201925.83
GL-33677,09/05/2026,CD-349032,Check #8818 Caselight Legal Research,Caselight Legal Research,8818,2000,-1665.50,200260.33
GL-33678,09/06/2026,CD-750033,Check #8805 Bayside Court Reporters,Bayside Court Reporters,8805,2000,-542.19,199718.14
GL-33679,09/06/2026,CD-540034,Wire to Bayside Court Reporters,Bayside Court Reporters,,2000,-3424.92,196293.22
GL-33680,09/06/2026,CD-626035,Wire to Bayside Court Reporters,Bayside Court Reporters,,2000,-3820.56,192472.66
GL-33681,09/06/2026,CR-995036,Payment - Evergreen Charter School INV-8006,Evergreen Charter School,,1200,2052.71,194525.37
GL-33682,09/07/2026,CR-733037,Deposit - Evergreen Charter School check 9895,Evergreen Charter School,,1200,1908.03,196433.40
GL-33683,09/07/2026,CR-737038,PaySwift payout 9/7,PaySwift,,4100,1533.58,197966.98
GL-33684,09/07/2026,CD-257039,Court reporting - Bayside Court Reporters,Bayside Court Reporters,,6500,-776.05,197190.93
GL-33685,09/07/2026,CD-791040,Process service - Metro Process Servers,Metro Process Servers,,6500,-134.27,197056.66
GL-33686,09/07/2026,CD-915041,Check #8813 Bayside Court Reporters,Bayside Court Reporters,8813,2000,-1747.21,195309.45
GL-33687,09/07/2026,CR-238042,PaySwift payout 9/7,PaySwift,,4100,871.50,196180.95
GL-33688,09/08/2026,CD-482043,Accounting software - CloudLedger,CloudLedger,,6800,-143.49,196037.46
GL-33689,09/08/2026,CD-686044,Office supplies - Parchment Office Supply,Parchment Office Supply,,6400,-90.37,195947.09
GL-33690,09/08/2026,CD-880045,Check #8811 Bayside Court Reporters,Bayside Court Reporters,8811,2000,-1763.56,194183.53
GL-33691,09/08/2026,CD-315046,Process service - Metro Process Servers,Metro Process Servers,,6500,-125.87,194057.66
GL-33692,09/08/2026,CR-429047,PaySwift payout 9/8,PaySwift,,4100,335.31,194392.97
GL-33693,09/08/2026,CD-356048,Check #8814 Bayside Court Reporters,Bayside Court Reporters,8814,2000,-677.38,193715.59
GL-33694,09/08/2026,CD-584049,Caselight Legal Research inv 97608,Caselight Legal Research,,2000,-851.97,192863.62
GL-33695,09/08/2026,CR-370050,Deposit - Marin Wellness Center check 6565,Marin Wellness Center,,1200,1811.82,194675.44
GL-33696,09/08/2026,CR-318051,Deposit - Lindqvist Family Trust check 7241,Lindqvist Family Trust,,1200,4029.57,198705.01
GL-33697,09/08/2026,CR-508052,PaySwift payout 9/8,PaySwift,,4100,1485.43,200190.44
GL-33698,09/09/2026,CD-636053,Process service - Metro Process Servers,Metro Process Servers,,6500,-62.07,200128.37
GL-33699,09/09/2026,CD-180054,Research subscription - Caselight Legal Research,Caselight Legal Research,,6800,-111.69,200016.68
GL-33700,09/09/2026,CD-969055,Wire to Caselight Legal Research,Caselight Legal Research,,2000,-2069.88,197946.80
GL-33701,09/09/2026,CD-924056,Check #8810 Parchment Office Supply,Parchment Office Supply,8810,2000,-94.23,197852.57
GL-33702,09/09/2026,CD-500057,Process service - Metro Process Servers,Metro Process Servers,,6500,-115.47,197737.10
GL-33703,09/09/2026,CD-804058,Research subscription - Caselight Legal Research,Caselight Legal Research,,6800,-78.91,197658.19
GL-33704,09/09/2026,CD-177059,Metro Process Servers inv 45598,Metro Process Servers,,2000,-107.08,197551.11
GL-33705,09/09/2026,CR-352060,Payment - Evergreen Charter School INV-9460,Evergreen Charter School,,1200,2101.28,199652.39
GL-33706,09/09/2026,CD-780061,Office supplies - Parchment Office Supply,Parchment Office Supply,,6400,-11.73,199640.66
GL-33707,09/09/2026,CD-436062,Research subscription - Caselight Legal Research,Caselight Legal Research,,6800,-385.74,199254.92
GL-33708,09/09/2026,CR-728063,PaySwift payout 9/9,PaySwift,,4100,1185.14,200440.06
GL-33709,09/10/2026,CD-989064,Office supplies - Parchment Office Supply,Parchment Office Supply,,6400,-57.41,200382.65
GL-33710,09/10/2026,CD-868065,Caselight Legal Research inv 49402,Caselight Legal Research,,2000,-1223.89,199158.76
GL-33711,09/10/2026,CD-878066,Office supplies - Parchment Office Supply,Parchment Office Supply,,6400,-33.13,199125.63
GL-33712,09/10/2026,CD-767067,Research subscription - Caselight Legal Research,Caselight Legal Research,,6800,-238.33,198887.30
GL-33713,09/10/2026,CR-835068,PaySwift payout 9/10,PaySwift,,4100,1513.55,200400.85
GL-33714,09/10/2026,CD-249069,Office supplies - Parchment Office Supply,Parchment Office Supply,,6400,-148.04,200252.81
GL-33715,09/10/2026,CR-241070,PaySwift payout 9/10,PaySwift,,4100,1495.06,201747.87
GL-33716,09/11/2026,CD-987071,Process service - Metro Process Servers,Metro Process Servers,,6500,-112.47,201635.40
GL-33717,09/11/2026,CD-107072,Process service - Metro Process Servers,Metro Process Servers,,6500,-117.47,201517.93
GL-33718,09/11/2026,CD-113073,Check #8808 Caselight Legal Research,Caselight Legal Research,8808,2000,-1798.10,199719.83
GL-33719,09/11/2026,CD-131074,Check #8816 Bayside Court Reporters,Bayside Court Reporters,8816,2000,-777.69,198942.14
GL-33720,09/11/2026,CR-490075,PaySwift payout 9/11,PaySwift,,4100,993.05,199935.19
GL-33721,09/11/2026,CD-439076,Check #8820 Metro Process Servers,Metro Process Servers,8820,2000,-147.30,199787.89
GL-33722,09/12/2026,CD-334077,Wire to Metro Process Servers,Metro Process Servers,,2000,-762.04,199025.85
GL-33723,09/12/2026,CD-718078,Wire to Bayside Court Reporters,Bayside Court Reporters,,2000,-4369.90,194655.95
GL-33724,09/12/2026,CD-890079,Parchment Office Supply inv 97968,Parchment Office Supply,,2000,-53.08,194602.87
GL-33725,09/12/2026,CD-263080,Wire to Caselight Legal Research,Caselight Legal Research,,2000,-3678.43,190924.44
GL-33726,09/12/2026,CR-230081,PaySwift payout 9/12,PaySwift,,4100,1312.33,192236.77
GL-33727,09/12/2026,CR-395082,Deposit - Evergreen Charter School check 1249,Evergreen Charter School,,1200,4478.05,196714.82
GL-33728,09/12/2026,CD-881083,Research subscription - Caselight Legal Research,Caselight Legal Research,,6800,-340.33,196374.49
GL-33729,09/12/2026,CD-133084,Bayside Court Reporters inv 97925,Bayside Court Reporters,,2000,-696.22,195678.27
GL-33730,09/13/2026,CD-868085,Check #8804 Parchment Office Supply,Parchment Office Supply,8804,2000,-76.58,195601.69
GL-33731,09/13/2026,CR-106086,Payment - Bayline Offices INV-3214,Bayline Offices,,1200,1162.03,196763.72
GL-33732,09/13/2026,CR-548087,PaySwift payout 9/13,PaySwift,,4100,1537.76,198301.48
GL-33733,09/13/2026,CR-330088,PaySwift payout 9/13,PaySwift,,4100,871.72,199173.20
GL-33734,09/13/2026,CR-707089,PaySwift payout 9/13,PaySwift,,4100,1921.42,201094.62
GL-33735,09/13/2026,CR-583090,Payment - Two Rivers Market INV-4532,Two Rivers Market,,1200,1849.46,202944.08
GL-33736,09/13/2026,CR-838091,Deposit - Two Rivers Market check 2861,Two Rivers Market,,1200,2054.22,204998.30
GL-33737,09/13/2026,CD-995092,Check #8815 Metro Process Servers,Metro Process Servers,8815,2000,-258.70,204739.60
GL-33738,09/13/2026,CR-214093,PaySwift payout 9/13,PaySwift,,4100,1180.08,205919.68
GL-33739,09/13/2026,CR-993094,Payment - Evergreen Charter School INV-2918,Evergreen Charter School,,1200,2098.14,208017.82
GL-33740,09/13/2026,CR-429095,Payment - Evergreen Charter School INV-8682,Evergreen Charter School,,1200,448.33,208466.15
GL-33741,09/13/2026,CD-495096,Research subscription - Caselight Legal Research,Caselight Legal Research,,6800,-276.47,208189.68
GL-33742,09/14/2026,CD-927097,Utilities - Coastline Power and Water,Coastline Power and Water,,6050,-464.17,207725.51
GL-33743,09/14/2026,CD-822098,Research subscription - Caselight Legal Research,Caselight Legal Research,,6800,-365.83,207359.68
GL-33744,09/14/2026,CD-457099,Court reporting - Bayside Court Reporters,Bayside Court Reporters,,6500,-716.85,206642.83
GL-33745,09/14/2026,CD-416100,Check #8819 Caselight Legal Research,Caselight Legal Research,8819,2000,-1261.68,205381.15
GL-33746,09/14/2026,CR-114101,Deposit - Evergreen Charter School retainer,Evergreen Charter School,,4100,1476.63,206857.78
GL-33747,09/15/2026,PR-513102,Payroll run 9/15,Ledgerly Payroll,,6200,-18710.62,188147.16
GL-33748,09/15/2026,CD-840103,Bayside Court Reporters inv 24917,Bayside Court Reporters,,2000,-753.04,187394.12
GL-33749,09/15/2026,CD-252104,Check #8807 Parchment Office Supply,Parchment Office Supply,8807,2000,-203.00,187191.12
GL-33750,09/15/2026,CR-262105,Payment - Evergreen Charter School INV-1239,Evergreen Charter School,,1200,2608.61,189799.73
GL-33751,09/15/2026,CR-788106,PaySwift payout 9/15,PaySwift,,4100,194.11,189993.84
GL-33752,09/15/2026,CR-355107,PaySwift payout 9/15,PaySwift,,4100,970.73,190964.57
GL-33753,09/15/2026,CR-944108,Deposit - Two Rivers Market check 9570,Two Rivers Market,,1200,988.78,191953.35
GL-33754,09/15/2026,CD-970109,Office supplies - Parchment Office Supply,Parchment Office Supply,,6400,-67.95,191885.40
GL-33755,09/15/2026,CR-280110,Deposit - Lindqvist Family Trust check 1674,Lindqvist Family Trust,,1200,2440.08,194325.48
GL-33756,09/15/2026,CD-556111,Check #8821 Metro Process Servers,Metro Process Servers,8821,2000,-301.60,194023.88
GL-33757,09/16/2026,CD-410112,Office supplies - Parchment Office Supply,Parchment Office Supply,,6400,-106.67,193917.21
GL-33758,09/16/2026,CD-602113,Check #8812 Parchment Office Supply,Parchment Office Supply,8812,2000,-428.35,193488.86
GL-33759,09/16/2026,CD-699114,Bayside Court Reporters inv 85200,Bayside Court Reporters,,2000,-2061.80,191427.06
GL-33760,09/16/2026,CR-445115,PaySwift payout 9/16,PaySwift,,4100,548.08,191975.14
GL-33761,09/16/2026,CD-237116,Wire to Parchment Office Supply,Parchment Office Supply,,2000,-672.36,191302.78
GL-33762,09/16/2026,CR-232117,Deposit - Two Rivers Market check 9503,Two Rivers Market,,1200,998.43,192301.21
GL-33763,09/17/2026,CD-791118,Parchment Office Supply inv 85115,Parchment Office Supply,,2000,-469.67,191831.54
GL-33764,09/17/2026,CR-657119,Payment - Evergreen Charter School INV-6789,Evergreen Charter School,,1200,2666.44,194497.98
GL-33765,09/17/2026,CD-700120,Wire to Bayside Court Reporters,Bayside Court Reporters,,2000,-2875.99,191621.99
GL-33766,09/17/2026,CR-123121,Deposit - Marin Wellness Center check 7268,Marin Wellness Center,,1200,381.85,192003.84
GL-33767,09/18/2026,CR-171122,Deposit - Juniper Tech Labs check 7156,Juniper Tech Labs,,1200,1844.08,193847.92
GL-33768,09/18/2026,CR-928123,Payment - Oakmont Hotel Group INV-4839,Oakmont Hotel Group,,1200,2016.14,195864.06
GL-33769,09/18/2026,CR-663124,Deposit - Presidio Property Partners check 5989,Presidio Property Partners,,1200,1568.16,197432.22
GL-33770,09/18/2026,CR-557125,Deposit - Oakmont Hotel Group check 7674,Oakmont Hotel Group,,1200,2528.88,199961.10
GL-33771,09/19/2026,CR-406126,Deposit - Presidio Property Partners check 2399,Presidio Property Partners,,1200,3113.59,203074.69
GL-33772,09/19/2026,CD-430127,Metro Process Servers inv 50354,Metro Process Servers,,2000,-347.13,202727.56
GL-33773,09/19/2026,CR-600128,Deposit - Oakmont Hotel Group check 4368,Oakmont Hotel Group,,1200,936.52,203664.08
GL-33774,09/19/2026,CR-706129,PaySwift payout 9/19,PaySwift,,4100,354.04,204018.12
GL-33775,09/20/2026,CD-174130,Loan payment - First Coast Bank,First Coast Bank,,2500,-1059.31,202958.81
GL-33776,09/20/2026,CR-430131,Payment - Lindqvist Family Trust INV-8882,Lindqvist Family Trust,,1200,4083.51,207042.32
GL-33777,09/20/2026,CR-888132,PaySwift payout 9/20,PaySwift,,4100,145.43,207187.75
GL-33778,09/20/2026,CR-157133,PaySwift payout 9/20,PaySwift,,4100,1007.56,208195.31
GL-33779,09/20/2026,CR-582134,Payment - Marin Wellness Center INV-2294,Marin Wellness Center,,1200,3747.62,211942.93
GL-33780,09/20/2026,CR-237135,Payment - Oakmont Hotel Group INV-9933,Oakmont Hotel Group,,1200,3059.18,215002.11
GL-33781,09/20/2026,CD-248136,Research subscription - Caselight Legal Research,Caselight Legal Research,,6800,-139.85,214862.26
GL-33782,09/20/2026,CR-596137,Payment - Juniper Tech Labs INV-8341,Juniper Tech Labs,,1200,2569.78,217432.04
GL-33783,09/21/2026,CD-104138,Office supplies - Parchment Office Supply,Parchment Office Supply,,6400,-99.93,217332.11
GL-33784,09/21/2026,CD-325139,Court reporting - Bayside Court Reporters,Bayside Court Reporters,,6500,-288.07,217044.04
GL-33785,09/21/2026,CR-196140,Deposit - Oakmont Hotel Group check 4804,Oakmont Hotel Group,,1200,270.94,217314.98
GL-33786,09/21/2026,CD-362141,Parchment Office Supply inv 33949,Parchment Office Supply,,2000,-111.91,217203.07
GL-33787,09/22/2026,CD-557142,Sales tax remittance Q3 installment,CA Dept of Tax and Fee Admin,,2300,-2012.90,215190.17
GL-33788,09/22/2026,CD-200143,Office supplies - Parchment Office Supply,Parchment Office Supply,,6400,-62.71,215127.46
GL-33789,09/22/2026,CD-226144,Research subscription - Caselight Legal Research,Caselight Legal Research,,6800,-486.35,214641.11
GL-33790,09/22/2026,CR-788145,Payment - Marin Wellness Center INV-3475,Marin Wellness Center,,1200,1209.84,215850.95
GL-33791,09/22/2026,CD-592146,Parchment Office Supply inv 6941,Parchment Office Supply,,2000,-229.12,215621.83
GL-33792,09/22/2026,CD-878147,Process service - Metro Process Servers,Metro Process Servers,,6500,-95.51,215526.32
GL-33793,09/23/2026,CD-748148,Office supplies - Parchment Office Supply,Parchment Office Supply,,6400,-31.43,215494.89
GL-33794,09/23/2026,CR-748149,Payment - Bayline Offices INV-9840,Bayline Offices,,1200,1194.84,216689.73
GL-33795,09/23/2026,CR-840150,PaySwift payout 9/23,PaySwift,,4100,1282.61,217972.34
GL-33796,09/23/2026,CD-381151,Court reporting - Bayside Court Reporters,Bayside Court Reporters,,6500,-497.24,217475.10
GL-33797,09/23/2026,CR-352152,PaySwift payout 9/23,PaySwift,,4100,151.02,217626.12
GL-33798,09/23/2026,CD-340153,Office supplies - Parchment Office Supply,Parchment Office Supply,,6400,-16.06,217610.06
GL-33799,09/24/2026,CR-901154,Deposit - Bayline Offices check 1581,Bayline Offices,,1200,150.37,217760.43
GL-33800,09/25/2026,CD-354155,Court reporting - Bayside Court Reporters,Bayside Court Reporters,,6500,-697.79,217062.64
GL-33801,09/25/2026,CD-762156,Office supplies - Parchment Office Supply,Parchment Office Supply,,6400,-70.13,216992.51
GL-33802,09/25/2026,CR-422157,Payment - Juniper Tech Labs INV-4925,Juniper Tech Labs,,1200,1945.80,218938.31
GL-33803,09/25/2026,CR-654158,Payment - Oakmont Hotel Group INV-7567,Oakmont Hotel Group,,1200,1661.92,220600.23
GL-33804,09/25/2026,CD-294159,Wire to Metro Process Servers,Metro Process Servers,,2000,-594.42,220005.81
GL-33805,09/25/2026,CR-388160,PaySwift payout 9/25,PaySwift,,4100,1695.02,221700.83
GL-33806,09/25/2026,CR-395161,PaySwift payout 9/25,PaySwift,,4100,158.94,221859.77
GL-33807,09/25/2026,CR-663162,PaySwift payout 9/25,PaySwift,,4100,1442.49,223302.26
GL-33808,09/25/2026,CD-603163,Research subscription - Caselight Legal Research,Caselight Legal Research,,6800,-535.82,222766.44
GL-33809,09/26/2026,CD-703164,Parchment Office Supply inv 36010,Parchment Office Supply,,2000,-123.86,222642.58
GL-33810,09/26/2026,CD-162165,Wire to Bayside Court Reporters,Bayside Court Reporters,,2000,-4433.87,218208.71
GL-33811,09/26/2026,CD-196166,Wire to Caselight Legal Research,Caselight Legal Research,,2000,-4041.16,214167.55
GL-33812,09/26/2026,CD-533167,Wire to Parchment Office Supply,Parchment Office Supply,,2000,-948.59,213218.96
GL-33813,09/27/2026,CD-472168,Wire to Metro Process Servers,Metro Process Servers,,2000,-767.09,212451.87
GL-33814,09/28/2026,CD-852169,Check #8823 Caselight Legal Research,Caselight Legal Research,8823,2000,-1075.32,211376.55
GL-33815,09/29/2026,PR-514170,Payroll run 9/29,Ledgerly Payroll,,6200,-10205.61,201170.94
GL-33816,09/30/2026,CR-127171,Deposit - Presidio Property Partners check 9485,Presidio Property Partners,,1200,4100.93,205271.87
GL-33817,09/30/2026,CR-514172,Deposit - Oakmont Hotel Group check 3346,Oakmont Hotel Group,,1200,5515.69,210787.56
