Txn Date,Memo,Amount,Running Balance,Bank Ref
2026-09-01,DEPOSIT 29299,"2,069.91","38,947.31",90146876368
2026-09-01,DEPOSIT 34890,"1,853.03","40,800.34",87293626000
2026-09-01,ACH CREDIT EVERGREEN CHARTER SCHOOL 7880,"3,004.77","43,805.11",79712153949
2026-09-01,WIRE OUT TRI COUNTY FUEL REF 268537,"-1,312.53","42,492.58",62734215569
2026-09-02,MOBILE DEPOSIT 70650,"7,291.92","49,784.50",22636955078
2026-09-02,ACH CREDIT SEQUOIA GROCERS 8755,"1,971.76","51,756.26",72925676441
2026-09-02,POS 4484 TRI COUNTY FUEL PETALUMA,-96.41,"51,659.85",63857909606
2026-09-02,DEBIT CARD PURCHASE GREENLEAF NURSERY WHOL,-595.32,"51,064.53",14780672039
2026-09-02,ACH DEBIT TRI COUNTY FUEL 191556,-527.77,"50,536.76",78291715335
2026-09-03,DEPOSIT 12809,"1,829.22","52,365.98",15719086360
2026-09-03,ACH CREDIT OAKMONT HOTEL GROUP 1135,"2,661.33","55,027.31",50486526872
2026-09-03,ACH CREDIT PAYSWIFT PAYOUT 91530551,833.06,"55,860.37",85530600147
2026-09-03,ACH CREDIT PAYSWIFT PAYOUT 95384232,"3,149.44","59,009.81",41867316113
2026-09-03,ACH CREDIT PAYSWIFT PAYOUT 31344931,"1,601.86","60,611.67",63145943729
2026-09-03,ACH DEBIT BAYSHORE MUTUAL INS PREM,"-1,259.52","59,352.15",38177722964
2026-09-03,DEBIT CARD PURCHASE TRI COUNTY FUEL,-188.08,"59,164.07",31146971013
2026-09-03,ACH DEBIT TRI COUNTY FUEL 191469,-244.66,"58,919.41",97771655041
2026-09-03,POS 4484 RIDGELINE EQUIPMENT RE PETALUMA,-480.92,"58,438.49",26456385506
2026-09-03,ACH DEBIT TRI COUNTY FUEL 191646,-263.18,"58,175.31",73554215002
2026-09-04,BRANCH DEPOSIT 14446,"6,780.35","64,955.66",83179436063
2026-09-04,ACH CREDIT PAYSWIFT PAYOUT 66053459,"1,360.22","66,315.88",61949659212
2026-09-04,ACH CREDIT PRESIDIO PROPERTY PARTNERS 1968,"1,599.14","67,915.02",55501842816
2026-09-04,ACH CREDIT SEQUOIA GROCERS 2791,"4,659.58","72,574.60",32673534650
2026-09-04,DEPOSIT 42001,"4,645.95","77,220.55",46237766186
2026-09-04,ACH CREDIT PAYSWIFT PAYOUT 44455367,"2,744.38","79,964.93",81542893818
2026-09-04,CHECK 2311,"-2,306.94","77,657.99",31039899673
2026-09-04,ACH DEBIT VALLEY STONE AND SOIL 191219,"-3,438.63","74,219.36",30932625758
2026-09-04,DEBIT CARD PURCHASE GREENLEAF NURSERY WHOL,-900.77,"73,318.59",16465596921
2026-09-04,POS 4484 TRI COUNTY FUEL PETALUMA,-36.00,"73,282.59",37162427873
2026-09-04,ACH DEBIT RIDGELINE EQUIPMENT RENT 191562,-966.27,"72,316.32",57672909676
2026-09-04,CHECK 2353,-107.70,"72,208.62",26245962420
2026-09-04,POS 4484 RIDGELINE EQUIPMENT RE PETALUMA,-430.22,"71,778.40",70910386893
2026-09-04,POS 4484 GREENLEAF NURSERY WHOL PETALUMA,-520.35,"71,258.05",24197042515
2026-09-07,ACH CREDIT DELACROIX EVENTS 3806,"8,719.48","79,977.53",34230747314
2026-09-07,BRANCH DEPOSIT 81513,"1,721.20","81,698.73",68181729742
2026-09-07,MOBILE DEPOSIT 30801,"6,709.65","88,408.38",35798467074
2026-09-07,ACH CREDIT SEQUOIA GROCERS 1040,"5,048.51","93,456.89",87662884995
2026-09-07,ACH CREDIT EVERGREEN CHARTER SCHOOL 2070,"5,879.54","99,336.43",82544577492
2026-09-07,ACH CREDIT PAYSWIFT PAYOUT 91834499,"1,804.03","101,140.46",93825966187
2026-09-07,ACH CREDIT PAYSWIFT PAYOUT 75626712,"1,643.86","102,784.32",49164726376
2026-09-07,ACH DEBIT MERIDIAN PROPERTY MGMT RENT,"-8,994.57","93,789.75",23153219495
2026-09-07,DEBIT CARD PURCHASE VALLEY STONE AND SOIL,-427.78,"93,361.97",89506056600
2026-09-07,ACH DEBIT GREENLEAF NURSERY WHOLES 191059,-739.73,"92,622.24",11886274465
2026-09-07,DEBIT CARD PURCHASE TRI COUNTY FUEL,-120.97,"92,501.27",76452252307
2026-09-07,ACH DEBIT TRI COUNTY FUEL 191084,-537.89,"91,963.38",35582458228
2026-09-07,POS 4484 VALLEY STONE AND SOIL PETALUMA,-955.62,"91,007.76",83969988579
2026-09-07,DEBIT CARD PURCHASE VALLEY STONE AND SOIL,-735.95,"90,271.81",27915343550
2026-09-07,ACH DEBIT TRI COUNTY FUEL 191189,-262.36,"90,009.45",47406790969
2026-09-07,DEBIT CARD PURCHASE VALLEY STONE AND SOIL,-189.05,"89,820.40",38205877432
2026-09-07,POS 4484 GREENLEAF NURSERY WHOL PETALUMA,-361.03,"89,459.37",41471862408
2026-09-07,DEBIT CARD PURCHASE VALLEY STONE AND SOIL,"-1,165.96","88,293.41",53951284429
2026-09-07,CHECK 2339,-465.68,"87,827.73",12805645287
2026-09-07,ACH DEBIT VALLEY STONE AND SOIL 191437,"-2,769.25","85,058.48",68395305398
2026-09-07,ACH DEBIT GREENLEAF NURSERY WHOLES 191458,"-2,358.66","82,699.82",12139747291
2026-09-07,ACH DEBIT GREENLEAF NURSERY WHOLES 191540,"-1,385.67","81,314.15",13008123664
2026-09-07,ACH DEBIT TRI COUNTY FUEL 191716,-392.51,"80,921.64",81360327921
2026-09-07,WIRE OUT VALLEY STONE AND SOIL REF 290615,"-8,423.77","72,497.87",61891481338
2026-09-07,ACH DEBIT VALLEY STONE AND SOIL 191763,"-1,057.90","71,439.97",96672921301
2026-09-07,ACH DEBIT VALLEY STONE AND SOIL 191867,"-2,653.61","68,786.36",79651036124
2026-09-07,POS 4484 RIDGELINE EQUIPMENT RE PETALUMA,-285.15,"68,501.21",19825632958
2026-09-08,ACH CREDIT PAYSWIFT PAYOUT 91414615,"1,355.08","69,856.29",12272895888
2026-09-08,DEPOSIT 30048,"6,719.93","76,576.22",90144058787
2026-09-08,ACH CREDIT PAYSWIFT PAYOUT 93233090,"3,603.20","80,179.42",42130206780
2026-09-08,ACH CREDIT NORTHPOINT CLINIC 9407,317.94,"80,497.36",77099559432
2026-09-08,BRANCH DEPOSIT 85445,"1,238.27","81,735.63",25457840692
2026-09-08,ACH CREDIT PAYSWIFT PAYOUT 89799562,"3,705.93","85,441.56",34412677296
2026-09-08,ACH CREDIT PAYSWIFT PAYOUT 71288525,"2,048.95","87,490.51",68845320834
2026-09-08,ACH DEBIT TRI COUNTY FUEL 191256,-597.88,"86,892.63",33448061498
2026-09-08,WIRE OUT TRI COUNTY FUEL REF 130321,-921.50,"85,971.13",63067965596
2026-09-08,CHECK 2335,-192.28,"85,778.85",78092758720
2026-09-08,CHECK 2355,"-3,056.61","82,722.24",67090375082
2026-09-08,ACH DEBIT RIDGELINE EQUIPMENT RENT 191920,-757.64,"81,964.60",16695393538
2026-09-08,CHECK 2361,"-2,950.61","79,013.99",50174461839
2026-09-08,WIRE OUT VALLEY STONE AND SOIL REF 658338,"-8,164.48","70,849.51",45951658488
2026-09-09,BRANCH DEPOSIT 52803,471.96,"71,321.47",90591069406
2026-09-09,ACH CREDIT NORTHPOINT CLINIC 3751,"7,539.70","78,861.17",52943535146
2026-09-09,DEPOSIT 96829,"7,431.87","86,293.04",42946579950
2026-09-09,CHECK 2309,"-2,942.43","83,350.61",13026019056
2026-09-09,ACH DEBIT CLOUDLEDGER SUBSCRIPTION,-152.07,"83,198.54",99614788808
2026-09-09,DEBIT CARD PURCHASE TRI COUNTY FUEL,-32.33,"83,166.21",10817564474
2026-09-09,CHECK 2334,-160.47,"83,005.74",35627203046
2026-09-09,CHECK 2347,-532.82,"82,472.92",62961434831
2026-09-09,WIRE OUT TRI COUNTY FUEL REF 117997,"-1,040.29","81,432.63",42595825275
2026-09-09,CHECK 2363,-832.86,"80,599.77",37844599142
2026-09-09,ACH DEBIT 7701656 WEB PMT,-673.86,"79,925.91",19053379122
2026-09-10,BRANCH DEPOSIT 45378,"8,496.46","88,422.37",13772447622
2026-09-10,ACH CREDIT PAYSWIFT PAYOUT 67470362,"1,568.48","89,990.85",23747884220
2026-09-10,ACH CREDIT SEQUOIA GROCERS 6551,"6,026.93","96,017.78",83500663720
2026-09-10,DEBIT CARD PURCHASE TRI COUNTY FUEL,-49.47,"95,968.31",81531372617
2026-09-10,WIRE OUT GREENLEAF NURSERY WHOLES REF 678787,"-7,030.01","88,938.30",67365556815
2026-09-10,WIRE OUT RIDGELINE EQUIPMENT RENT REF 240532,"-2,737.21","86,201.09",10203729398
2026-09-10,CHECK 2342,"-3,003.50","83,197.59",71399515661
2026-09-10,POS 4484 RIDGELINE EQUIPMENT RE PETALUMA,-252.55,"82,945.04",67711457497
2026-09-10,POS 4484 VALLEY STONE AND SOIL PETALUMA,-829.97,"82,115.07",43843359004
2026-09-10,CHECK 2364,-680.07,"81,435.00",74633570543
2026-09-11,DEPOSIT 84630,"2,089.76","83,524.76",92731253726
2026-09-11,ACH CREDIT DELACROIX EVENTS 1311,"1,690.77","85,215.53",50678397774
2026-09-11,ACH CREDIT NORTHPOINT CLINIC 8642,"7,973.52","93,189.05",73596861941
2026-09-11,POS 4484 TRI COUNTY FUEL PETALUMA,-39.34,"93,149.71",16310862330
2026-09-11,CHECK 2320,"-2,042.04","91,107.67",23718756873
2026-09-11,CHECK 2326,-306.92,"90,800.75",81111875286
2026-09-11,CHECK 2329,"-2,525.89","88,274.86",23746014755
2026-09-11,POS 4484 VALLEY STONE AND SOIL PETALUMA,"-1,105.94","87,168.92",20682994279
2026-09-11,CHECK 2345,-80.35,"87,088.57",89096563170
2026-09-11,WIRE OUT GREENLEAF NURSERY WHOLES REF 541647,"-4,512.17","82,576.40",33550882704
2026-09-11,ACH DEBIT VALLEY STONE AND SOIL 191817,"-3,382.15","79,194.25",63040607950
2026-09-11,CHECK 2354,"-1,304.55","77,889.70",75511620693
2026-09-11,WIRE OUT TRI COUNTY FUEL REF 542648,"-1,216.71","76,672.99",65893572897
2026-09-11,WIRE OUT RIDGELINE EQUIPMENT RENT REF 458132,"-3,846.82","72,826.17",46215840364
2026-09-14,ACH CREDIT PAYSWIFT PAYOUT 44957963,363.89,"73,190.06",26585688975
2026-09-14,BRANCH DEPOSIT 62351,"9,384.99","82,575.05",95770443845
2026-09-14,ACH CREDIT LINDQVIST FAMILY TRUST 8303,"3,999.57","86,574.62",89102497124
2026-09-14,BRANCH DEPOSIT 16554,"8,917.63","95,492.25",85353544247
2026-09-14,BRANCH DEPOSIT 11778,"7,793.54","103,285.79",14714217452
2026-09-14,ACH CREDIT NORTHPOINT CLINIC 4219,"5,350.71","108,636.50",25505105174
2026-09-14,BRANCH DEPOSIT 70648,"1,609.32","110,245.82",80386056275
2026-09-14,DEPOSIT 36607,"1,464.52","111,710.34",58227157593
2026-09-14,ACH CREDIT NORTHPOINT CLINIC 2823,"7,213.48","118,923.82",80611575103
2026-09-14,MOBILE DEPOSIT 54956,"4,720.46","123,644.28",31623545518
2026-09-14,ACH DEBIT COASTLINE POWER AND WATER,-675.12,"122,969.16",26314904694
2026-09-14,CHECK 2313,"-1,617.61","121,351.55",16123981855
2026-09-14,POS 4484 VALLEY STONE AND SOIL PETALUMA,"-1,180.66","120,170.89",29769764240
2026-09-14,ACH DEBIT RIDGELINE EQUIPMENT RENT 191089,-280.43,"119,890.46",39526079875
2026-09-14,POS 4484 TRI COUNTY FUEL PETALUMA,-33.12,"119,857.34",40709794723
2026-09-14,CHECK 2316,"-2,313.04","117,544.30",40257917083
2026-09-14,DEBIT CARD PURCHASE VALLEY STONE AND SOIL,-662.19,"116,882.11",61543222778
2026-09-14,CHECK 2322,-247.06,"116,635.05",87159101227
2026-09-14,DEBIT CARD PURCHASE TRI COUNTY FUEL,-167.14,"116,467.91",72332526295
2026-09-14,POS 4484 TRI COUNTY FUEL PETALUMA,-180.20,"116,287.71",30583661932
2026-09-14,ACH DEBIT VALLEY STONE AND SOIL 191405,"-3,198.96","113,088.75",76498435095
2026-09-14,POS 4484 TRI COUNTY FUEL PETALUMA,-161.76,"112,926.99",83023251306
2026-09-14,POS 4484 RIDGELINE EQUIPMENT RE PETALUMA,-287.54,"112,639.45",93427492397
2026-09-14,DEBIT CARD PURCHASE TRI COUNTY FUEL,-168.16,"112,471.29",40500166122
2026-09-14,POS 4484 VALLEY STONE AND SOIL PETALUMA,-498.46,"111,972.83",20123991414
2026-09-14,POS 4484 VALLEY STONE AND SOIL PETALUMA,-549.44,"111,423.39",13762985308
2026-09-14,WIRE OUT VALLEY STONE AND SOIL REF 885231,"-7,118.74","104,304.65",70978981824
2026-09-14,CHECK 2344,-240.55,"104,064.10",38034340505
2026-09-14,CHECK 2351,-112.49,"103,951.61",13265078352
2026-09-14,CHECK 2352,"-2,713.27","101,238.34",74665607535
2026-09-14,DEBIT CARD PURCHASE RIDGELINE EQUIPMENT RE,-547.80,"100,690.54",60675307907
2026-09-14,WIRE OUT VALLEY STONE AND SOIL REF 680838,"-6,955.55","93,734.99",48206696409
2026-09-14,ACH DEBIT GREENLEAF NURSERY WHOLES 191842,"-1,300.29","92,434.70",33327977060
2026-09-14,ACH DEBIT GREENLEAF NURSERY WHOLES 191890,"-1,155.41","91,279.29",67246664167
2026-09-14,CHECK 2357,-443.67,"90,835.62",40147240090
2026-09-14,CHECK 2359,-227.11,"90,608.51",62642120080
2026-09-15,ACH CREDIT NORTHPOINT CLINIC 9734,"4,509.39","95,117.90",79640822438
2026-09-15,ACH CREDIT PAYSWIFT PAYOUT 66180471,"4,070.97","99,188.87",21370965898
2026-09-15,ACH CREDIT PAYSWIFT PAYOUT 88878643,"1,655.88","100,844.75",95698563583
2026-09-15,ACH DEBIT LEDGERLY PAYROLL PPD,"-20,297.27","80,547.48",15640110098
2026-09-15,ACH DEBIT TRI COUNTY FUEL 191121,-364.86,"80,182.62",29477907377
2026-09-15,CHECK 2319,-202.57,"79,980.05",94337513953
2026-09-15,CHECK 2323,"-1,571.85","78,408.20",92787948810
2026-09-15,CHECK 2336,"-1,485.68","76,922.52",68802831192
2026-09-15,WIRE OUT GREENLEAF NURSERY WHOLES REF 184618,"-6,002.86","70,919.66",56782919002
2026-09-15,CHECK 2343,-368.79,"70,550.87",88166237274
2026-09-15,CHECK 2346,-473.12,"70,077.75",18783740795
2026-09-15,CHECK 2348,-934.47,"69,143.28",40762838875
2026-09-15,ACH DEBIT RIDGELINE EQUIPMENT RENT 191730,-477.41,"68,665.87",72950334730
2026-09-15,CHECK 2358,"-3,961.85","64,704.02",78722699075
2026-09-16,ACH CREDIT PAYSWIFT PAYOUT 26216348,"2,488.56","67,192.58",21744221593
2026-09-16,ACH CREDIT PAYSWIFT PAYOUT 66061917,599.66,"67,792.24",12911441064
2026-09-16,ACH DEBIT TRI COUNTY FUEL 191020,-445.84,"67,346.40",30978161608
2026-09-16,POS 4484 VALLEY STONE AND SOIL PETALUMA,-460.60,"66,885.80",82886954098
2026-09-16,CHECK 2321,-596.24,"66,289.56",46353934425
2026-09-16,ACH DEBIT TRI COUNTY FUEL 191213,-416.64,"65,872.92",31981415265
2026-09-16,CHECK 2330,-673.76,"65,199.16",77959159622
2026-09-16,CHECK 2331,"-1,308.31","63,890.85",20396155534
2026-09-16,WIRE OUT RIDGELINE EQUIPMENT RENT REF 741363,"-2,342.83","61,548.02",45356364319
2026-09-16,POS 4484 GREENLEAF NURSERY WHOL PETALUMA,-655.89,"60,892.13",25213350859
2026-09-16,POS 4484 GREENLEAF NURSERY WHOL PETALUMA,-466.63,"60,425.50",18842611089
2026-09-16,WIRE OUT VALLEY STONE AND SOIL REF 461044,"-4,969.81","55,455.69",48030321345
2026-09-16,CHECK 2360,"-1,270.47","54,185.22",42068035895
2026-09-17,ACH CREDIT PAYSWIFT PAYOUT 17745253,"2,471.92","56,657.14",77388771658
2026-09-17,ACH CREDIT PRESIDIO PROPERTY PARTNERS 8268,"6,982.18","63,639.32",91593753156
2026-09-17,DEPOSIT 78337,"2,477.16","66,116.48",67321002980
2026-09-17,ACH CREDIT PAYSWIFT PAYOUT 92731067,"1,601.08","67,717.56",48036726525
2026-09-17,ACH DEBIT VALLEY STONE AND SOIL 191341,"-2,627.43","65,090.13",22350466948
2026-09-17,CHECK 2338,"-2,030.27","63,059.86",98855114744
2026-09-17,DEBIT CARD PURCHASE RIDGELINE EQUIPMENT RE,-305.32,"62,754.54",67751000003
2026-09-18,ACH CREDIT TWO RIVERS MARKET 2490,"1,439.48","64,194.02",76692254919
2026-09-18,ACH CREDIT PAYSWIFT PAYOUT 91198720,"3,083.09","67,277.11",38486914913
2026-09-18,WIRE OUT TRI COUNTY FUEL REF 535170,"-1,294.86","65,982.25",30106269238
2026-09-18,DEBIT CARD PURCHASE GREENLEAF NURSERY WHOL,-134.32,"65,847.93",10471250423
2026-09-18,CHECK 2327,"-2,108.04","63,739.89",59754626597
2026-09-18,WIRE OUT VALLEY STONE AND SOIL REF 399492,"-8,521.16","55,218.73",50604439403
2026-09-18,CHECK 2337,-453.14,"54,765.59",65053937138
2026-09-18,DEBIT CARD PURCHASE VALLEY STONE AND SOIL,-425.26,"54,340.33",17573909203
2026-09-18,CHECK 2350,"-2,538.16","51,802.17",40800752827
2026-09-18,DEBIT CARD PURCHASE TRI COUNTY FUEL,-141.77,"51,660.40",81737873957
2026-09-18,CHECK 2356,-662.00,"50,998.40",34571214434
2026-09-21,ACH CREDIT PAYSWIFT PAYOUT 29097821,"2,484.11","53,482.51",33221467244
2026-09-21,DEPOSIT 72801,574.59,"54,057.10",57063165591
2026-09-21,ACH CREDIT PAYSWIFT PAYOUT 30104603,"2,712.99","56,770.09",75580424743
2026-09-21,ACH CREDIT PAYSWIFT PAYOUT 36783592,"1,547.83","58,317.92",84058279754
2026-09-21,ACH CREDIT PAYSWIFT PAYOUT 19261723,"4,036.13","62,354.05",77403680778
2026-09-21,ACH CREDIT NORTHPOINT CLINIC 6474,"5,295.36","67,649.41",92925155306
2026-09-21,ACH CREDIT PRESIDIO PROPERTY PARTNERS 1397,"2,332.71","69,982.12",79223985845
2026-09-21,ACH CREDIT SEQUOIA GROCERS 1408,971.18,"70,953.30",10988873811
2026-09-21,ACH CREDIT EVERGREEN CHARTER SCHOOL 3695,561.63,"71,514.93",54911706352
2026-09-21,ACH CREDIT PAYSWIFT PAYOUT 68128877,"1,705.96","73,220.89",56109957709
2026-09-21,ACH CREDIT PAYSWIFT PAYOUT 63197247,760.03,"73,980.92",42258806894
2026-09-21,ACH CREDIT PAYSWIFT PAYOUT 53835525,656.55,"74,637.47",10810996720
2026-09-21,ACH DEBIT FIRST COAST BANK LOAN PMT,"-2,367.78","72,269.69",72524556194
2026-09-21,ACH DEBIT GREENLEAF NURSERY WHOLES 190993,-774.90,"71,494.79",33188363410
2026-09-21,CHECK 2314,-110.79,"71,384.00",68382309582
2026-09-21,CHECK 2317,"-1,485.96","69,898.04",95452829269
2026-09-21,CHECK 2318,-160.87,"69,737.17",97726003510
2026-09-21,POS 4484 GREENLEAF NURSERY WHOL PETALUMA,-838.25,"68,898.92",89125967586
2026-09-21,CHECK 2324,"-1,247.03","67,651.89",44176555210
2026-09-21,CHECK 2325,-860.71,"66,791.18",58378296206
2026-09-21,DEBIT CARD PURCHASE TRI COUNTY FUEL,-44.39,"66,746.79",64584817714
2026-09-21,CHECK 2328,"-2,654.95","64,091.84",98760444434
2026-09-21,ACH DEBIT VALLEY STONE AND SOIL 191316,"-1,843.14","62,248.70",74095617056
2026-09-21,WIRE OUT RIDGELINE EQUIPMENT RENT REF 396076,"-1,858.94","60,389.76",98124632970
2026-09-21,POS 4484 VALLEY STONE AND SOIL PETALUMA,-311.63,"60,078.13",78392064097
2026-09-21,DEBIT CARD PURCHASE GREENLEAF NURSERY WHOL,-786.94,"59,291.19",48575526661
2026-09-21,ACH DEBIT VALLEY STONE AND SOIL 191599,"-2,871.36","56,419.83",35194326787
2026-09-21,ACH DEBIT TRI COUNTY FUEL 191702,-487.30,"55,932.53",18622553537
2026-09-21,WIRE OUT VALLEY STONE AND SOIL REF 300667,"-8,937.94","46,994.59",57904425262
2026-09-21,POS 4484 VALLEY STONE AND SOIL PETALUMA,"-1,168.38","45,826.21",85288721021
2026-09-21,POS 4484 GREENLEAF NURSERY WHOL PETALUMA,-512.36,"45,313.85",13686478791
2026-09-21,WIRE OUT GREENLEAF NURSERY WHOLES REF 543741,"-6,765.33","38,548.52",26625455216
2026-09-21,CHECK 2349,"-2,172.10","36,376.42",67997420643
2026-09-21,POS 4484 RIDGELINE EQUIPMENT RE PETALUMA,-270.99,"36,105.43",30761254182
2026-09-21,CHECK 2362,-619.88,"35,485.55",95348048775
2026-09-21,DEBIT CARD PURCHASE RIDGELINE EQUIPMENT RE,-545.36,"34,940.19",29555339573
2026-09-22,ACH CREDIT PAYSWIFT PAYOUT 48976014,"3,577.83","38,518.02",19738218001
2026-09-22,ACH CREDIT PAYSWIFT PAYOUT 17444762,"2,742.25","41,260.27",94225090074
2026-09-22,ACH CREDIT PAYSWIFT PAYOUT 56234737,"1,928.06","43,188.33",23218384031
2026-09-22,WIRE OUT VALLEY STONE AND SOIL REF 379066,"-4,927.70","38,260.63",11123198258
2026-09-22,ACH DEBIT RIDGELINE EQUIPMENT RENT 191168,-626.44,"37,634.19",41436459505
2026-09-22,POS 4484 TRI COUNTY FUEL PETALUMA,-83.46,"37,550.73",83626490177
2026-09-22,POS 4484 RIDGELINE EQUIPMENT RE PETALUMA,-231.44,"37,319.29",45707694777
2026-09-22,DEBIT CARD PURCHASE RIDGELINE EQUIPMENT RE,-96.46,"37,222.83",56181505979
2026-09-22,CHECK 2332,"-2,062.62","35,160.21",48872947915
2026-09-23,MOBILE DEPOSIT 58530,"4,527.90","39,688.11",97992196328
2026-09-23,ACH CREDIT PAYSWIFT PAYOUT 74084924,364.18,"40,052.29",50400936919
2026-09-23,ACH DEBIT CA DEPT TAX FEE ADMIN,"-4,086.71","35,965.58",60558806035
2026-09-23,CHECK 2312,-271.33,"35,694.25",79992318493
2026-09-23,ACH DEBIT GREENLEAF NURSERY WHOLES 191294,"-1,150.21","34,544.04",87295808623
2026-09-23,ACH DEBIT TRI COUNTY FUEL 191375,-540.69,"34,003.35",85859307556
2026-09-23,CHECK 2333,"-1,541.37","32,461.98",13438854620
2026-09-23,CHECK 2340,"-1,616.34","30,845.64",37013908460
2026-09-23,ACH DEBIT RIDGELINE EQUIPMENT RENT 191802,-687.16,"30,158.48",88817584646
2026-09-23,DEBIT CARD PURCHASE TRI COUNTY FUEL,-25.96,"30,132.52",22957777583
2026-09-24,MOBILE DEPOSIT 72031,"7,176.67","37,309.19",52018390951
2026-09-24,ACH CREDIT PAYSWIFT PAYOUT 23719975,"2,619.73","39,928.92",95513084683
2026-09-24,ACH CREDIT DELACROIX EVENTS 2498,"1,121.91","41,050.83",93754735803
2026-09-24,ACH DEBIT VALLEY STONE AND SOIL 191175,"-3,126.16","37,924.67",40773359261
2026-09-24,WIRE OUT VALLEY STONE AND SOIL REF 596405,"-7,830.97","30,093.70",52169853150
2026-09-24,ACH DEBIT TRI COUNTY FUEL 191612,-278.88,"29,814.82",29829014187
2026-09-24,ACH DEBIT GREENLEAF NURSERY WHOLES 191789,"-1,742.51","28,072.31",42755199607
2026-09-24,POS 4484 VALLEY STONE AND SOIL PETALUMA,-912.55,"27,159.76",46765731832
2026-09-25,ACH CREDIT PAYSWIFT PAYOUT 77763539,"3,203.40","30,363.16",10272883243
2026-09-25,ACH CREDIT PAYSWIFT PAYOUT 34592575,973.29,"31,336.45",27980837997
2026-09-25,ACH CREDIT TWO RIVERS MARKET 5656,"8,856.86","40,193.31",72852412838
2026-09-25,ACH CREDIT PAYSWIFT PAYOUT 31874530,"2,194.68","42,387.99",84157422678
2026-09-25,ACH CREDIT PAYSWIFT PAYOUT 16811653,"3,532.63","45,920.62",61942459967
2026-09-25,ACH CREDIT PAYSWIFT PAYOUT 22181299,"3,559.02","49,479.64",66862887095
2026-09-25,CHECK 2315,"-1,817.20","47,662.44",67642946365
2026-09-25,CHECK 2341,"-1,349.38","46,313.06",69843058640
2026-09-25,POS 4484 RIDGELINE EQUIPMENT RE PETALUMA,-582.23,"45,730.83",67662212614
2026-09-25,ACH DEBIT GREENLEAF NURSERY WHOLES 191684,"-1,265.70","44,465.13",29951519342
2026-09-25,WIRE OUT RIDGELINE EQUIPMENT RENT REF 156879,"-2,133.71","42,331.42",18331778044
2026-09-25,DEBIT CARD PURCHASE RIDGELINE EQUIPMENT RE,-467.64,"41,863.78",10493989304
2026-09-25,ACH DEBIT TRI COUNTY FUEL 191937,-257.12,"41,606.66",85197735058
2026-09-28,BRANCH DEPOSIT 30176,"5,602.65","47,209.31",38990005778
2026-09-28,ACH CREDIT EVERGREEN CHARTER SCHOOL 1194,"5,167.27","52,376.58",25275739909
2026-09-28,ACH CREDIT PAYSWIFT PAYOUT 91585115,"3,005.47","55,382.05",52117282201
2026-09-28,ACH CREDIT PAYSWIFT PAYOUT 52094710,"1,209.61","56,591.66",69144788054
2026-09-28,ACH CREDIT EVERGREEN CHARTER SCHOOL 8653,"2,165.18","58,756.84",39971846798
2026-09-28,ACH CREDIT PAYSWIFT PAYOUT 53176443,"3,190.72","61,947.56",20604337687
2026-09-28,BRANCH DEPOSIT 36629,"6,064.68","68,012.24",24321315937
2026-09-28,DEPOSIT 53494,"8,313.64","76,325.88",10784049743
2026-09-28,WIRE OUT RIDGELINE EQUIPMENT RENT REF 547950,"-3,549.91","72,775.97",12839267591
2026-09-28,ACH DEBIT VALLEY STONE AND SOIL 191157,"-1,703.52","71,072.45",85331439046
2026-09-28,ACH DEBIT VALLEY STONE AND SOIL 191224,"-1,450.79","69,621.66",82210623548
2026-09-28,WIRE OUT GREENLEAF NURSERY WHOLES REF 958624,"-5,062.96","64,558.70",44434749133
2026-09-28,WIRE OUT TRI COUNTY FUEL REF 718730,"-1,354.39","63,204.31",39165973302
2026-09-28,WIRE OUT RIDGELINE EQUIPMENT RENT REF 702830,"-1,914.85","61,289.46",28784629315
2026-09-28,POS 4484 TRI COUNTY FUEL PETALUMA,-151.00,"61,138.46",95062827730
2026-09-28,ACH DEBIT VALLEY STONE AND SOIL 191506,"-3,802.97","57,335.49",49254676448
2026-09-28,DEBIT CARD PURCHASE RIDGELINE EQUIPMENT RE,-494.72,"56,840.77",15454445928
2026-09-28,WIRE OUT VALLEY STONE AND SOIL REF 842123,"-8,585.52","48,255.25",71077208951
2026-09-28,OUTGOING WIRE TRANSFER FEE,-22.00,"48,233.25",40808451950
2026-09-29,ACH DEBIT LEDGERLY PAYROLL PPD,"-12,187.44","36,045.81",44911697763
2026-09-30,ACCOUNT ANALYSIS CHARGE,-35.00,"36,010.81",30484184274
