Date,Description,Amount,Balance
2026-09-01,DEPOSIT 15199,3455.45,17757.63
2026-09-01,ACH CREDIT HILLTOP UNIFIED PTA 6760,1007.77,18765.40
2026-09-01,CHECK 1103,-135.00,18630.40
2026-09-01,ACH DEBIT LOTUS MAT SUPPLY 810904,-417.25,18213.15
2026-09-02,ACH CREDIT PAYSWIFT PAYOUT 23885429,1127.95,19341.10
2026-09-02,ACH DEBIT QUIETWAVE SOUND SYSTEMS 810756,-85.34,19255.76
2026-09-02,ACH DEBIT SUNRISE LINEN SERVICE 810946,-84.05,19171.71
2026-09-02,WIRE OUT LOTUS MAT SUPPLY REF 301059,-1431.78,17739.93
2026-09-03,ACH CREDIT PAYSWIFT PAYOUT 79946948,463.57,18203.50
2026-09-03,ACH CREDIT PAYSWIFT PAYOUT 32628580,1005.22,19208.72
2026-09-03,ACH CREDIT PAYSWIFT PAYOUT 66788982,585.27,19793.99
2026-09-03,ACH CREDIT PAYSWIFT PAYOUT 91621565,1011.09,20805.08
2026-09-03,ACH CREDIT PAYSWIFT PAYOUT 38420933,951.84,21756.92
2026-09-03,ACH CREDIT PAYSWIFT PAYOUT 56855449,1002.45,22759.37
2026-09-03,CHECK 1102,-70.78,22688.59
2026-09-03,ACH DEBIT BAYSHORE MUTUAL INS PREM,-1138.51,21550.08
2026-09-03,WIRE OUT SUNRISE LINEN SERVICE REF 821973,-292.18,21257.90
2026-09-04,MOBILE DEPOSIT 19004,405.34,21663.24
2026-09-04,ACH CREDIT PAYSWIFT PAYOUT 99200367,1261.42,22924.66
2026-09-04,ACH CREDIT PAYSWIFT PAYOUT 38853216,445.30,23369.96
2026-09-04,ACH CREDIT PAYSWIFT PAYOUT 82573850,259.50,23629.46
2026-09-04,ACH CREDIT PAYSWIFT PAYOUT 27099255,941.89,24571.35
2026-09-04,ACH CREDIT PAYSWIFT PAYOUT 46511977,126.22,24697.57
2026-09-04,CHECK 1107,-406.84,24290.73
2026-09-04,CHECK 1115,-223.54,24067.19
2026-09-07,ACH CREDIT PAYSWIFT PAYOUT 65287075,995.60,25062.79
2026-09-07,ACH CREDIT PAYSWIFT PAYOUT 23300995,578.59,25641.38
2026-09-07,ACH CREDIT PAYSWIFT PAYOUT 87626484,312.79,25954.17
2026-09-07,ACH CREDIT PAYSWIFT PAYOUT 56891081,752.32,26706.49
2026-09-07,ACH CREDIT PAYSWIFT PAYOUT 96524928,1220.96,27927.45
2026-09-07,ACH CREDIT PAYSWIFT PAYOUT 94049249,780.84,28708.29
2026-09-07,ACH CREDIT PAYSWIFT PAYOUT 29728233,1210.35,29918.64
2026-09-07,ACH CREDIT PAYSWIFT PAYOUT 90131292,335.36,30254.00
2026-09-07,ACH CREDIT PAYSWIFT PAYOUT 59798067,978.48,31232.48
2026-09-07,ACH CREDIT PAYSWIFT PAYOUT 47284696,516.18,31748.66
2026-09-07,ACH CREDIT JUNIPER TECH LABS 6020,1677.69,33426.35
2026-09-07,ACH CREDIT PAYSWIFT PAYOUT 61384217,234.68,33661.03
2026-09-07,ACH CREDIT PAYSWIFT PAYOUT 27284955,1082.80,34743.83
2026-09-07,CHECK 1101,-192.23,34551.60
2026-09-07,ACH DEBIT MERIDIAN PROPERTY MGMT RENT,-5718.96,28832.64
2026-09-07,DEBIT CARD PURCHASE QUIETWAVE SOUND SYSTEM,-121.04,28711.60
2026-09-07,DEBIT CARD PURCHASE SUNRISE LINEN SERVICE,-77.36,28634.24
2026-09-07,POS 7588 SUNRISE LINEN SERVICE MILL VALLEY,-33.91,28600.33
2026-09-07,POS 7588 SUNRISE LINEN SERVICE MILL VALLEY,-17.21,28583.12
2026-09-07,ACH DEBIT SUNRISE LINEN SERVICE 811023,-169.88,28413.24
2026-09-07,WIRE OUT LOTUS MAT SUPPLY REF 886823,-1034.58,27378.66
2026-09-08,ACH CREDIT PAYSWIFT PAYOUT 55886119,131.22,27509.88
2026-09-08,ACH CREDIT PAYSWIFT PAYOUT 75507326,824.01,28333.89
2026-09-08,POS 7588 LOTUS MAT SUPPLY MILL VALLEY,-23.55,28310.34
2026-09-08,ACH DEBIT LOTUS MAT SUPPLY 810797,-190.78,28119.56
2026-09-08,ACH DEBIT QUIETWAVE SOUND SYSTEMS 810808,-296.09,27823.47
2026-09-08,WIRE OUT SUNRISE LINEN SERVICE REF 942277,-415.05,27408.42
2026-09-08,CHECK 1118,-474.65,26933.77
2026-09-09,ACH CREDIT PAYSWIFT PAYOUT 49167498,853.22,27786.99
2026-09-09,ACH CREDIT PAYSWIFT PAYOUT 69274056,586.77,28373.76
2026-09-09,ACH CREDIT PAYSWIFT PAYOUT 49546309,696.32,29070.08
2026-09-09,ACH DEBIT CLOUDLEDGER SUBSCRIPTION,-73.85,28996.23
2026-09-09,POS 7588 LOTUS MAT SUPPLY MILL VALLEY,-183.02,28813.21
2026-09-09,CHECK 1113,-419.93,28393.28
2026-09-09,ACH DEBIT SUNRISE LINEN SERVICE 810934,-183.26,28210.02
2026-09-09,ACH DEBIT QUIETWAVE SOUND SYSTEMS 810970,-289.69,27920.33
2026-09-10,ACH CREDIT PAYSWIFT PAYOUT 82143613,982.29,28902.62
2026-09-10,ACH DEBIT LOTUS MAT SUPPLY 810689,-113.46,28789.16
2026-09-10,CHECK 1105,-111.40,28677.76
2026-09-10,CHECK 1111,-306.35,28371.41
2026-09-10,ACH DEBIT SUNRISE LINEN SERVICE 811005,-245.34,28126.07
2026-09-11,ACH CREDIT PAYSWIFT PAYOUT 52420696,194.57,28320.64
2026-09-11,ACH CREDIT PAYSWIFT PAYOUT 53297739,390.50,28711.14
2026-09-11,WIRE OUT LOTUS MAT SUPPLY REF 222504,-705.82,28005.32
2026-09-11,WIRE OUT QUIETWAVE SOUND SYSTEMS REF 805472,-578.15,27427.17
2026-09-11,POS 7588 SUNRISE LINEN SERVICE MILL VALLEY,-66.43,27360.74
2026-09-11,DEBIT CARD PURCHASE LOTUS MAT SUPPLY,-71.76,27288.98
2026-09-11,CHECK 1117,-181.35,27107.63
2026-09-14,ACH CREDIT PAYSWIFT PAYOUT 10174955,766.64,27874.27
2026-09-14,ACH CREDIT PAYSWIFT PAYOUT 35777403,573.01,28447.28
2026-09-14,ACH CREDIT PAYSWIFT PAYOUT 51458440,186.78,28634.06
2026-09-14,ACH CREDIT PAYSWIFT PAYOUT 25539164,1041.87,29675.93
2026-09-14,ACH CREDIT PAYSWIFT PAYOUT 56706646,1172.60,30848.53
2026-09-14,ACH CREDIT PAYSWIFT PAYOUT 78000884,537.51,31386.04
2026-09-14,ACH CREDIT PAYSWIFT PAYOUT 79530727,814.64,32200.68
2026-09-14,WIRE OUT QUIETWAVE SOUND SYSTEMS REF 937469,-891.05,31309.63
2026-09-14,CHECK 1106,-125.12,31184.51
2026-09-14,POS 7588 LOTUS MAT SUPPLY MILL VALLEY,-198.13,30986.38
2026-09-14,CHECK 1108,-131.34,30855.04
2026-09-14,ACH DEBIT LOTUS MAT SUPPLY 810835,-527.50,30327.54
2026-09-14,WIRE OUT LOTUS MAT SUPPLY REF 976468,-928.79,29398.75
2026-09-14,ACH DEBIT QUIETWAVE SOUND SYSTEMS 810881,-70.23,29328.52
2026-09-14,POS 7588 SUNRISE LINEN SERVICE MILL VALLEY,-55.11,29273.41
2026-09-14,WIRE OUT LOTUS MAT SUPPLY REF 512578,-1232.27,28041.14
2026-09-14,CHECK 1116,-254.38,27786.76
2026-09-14,DEBIT CARD PURCHASE SUNRISE LINEN SERVICE,-68.92,27717.84
2026-09-14,WIRE OUT SUNRISE LINEN SERVICE REF 652120,-346.78,27371.06
2026-09-14,POS 7588 LOTUS MAT SUPPLY MILL VALLEY,-162.40,27208.66
2026-09-15,ACH CREDIT PAYSWIFT PAYOUT 35782042,1243.70,28452.36
2026-09-15,DEPOSIT 70901,1948.93,30401.29
2026-09-15,ACH CREDIT PAYSWIFT PAYOUT 44602529,940.91,31342.20
2026-09-15,ACH DEBIT COASTLINE POWER AND WATER,-637.22,30704.98
2026-09-15,ACH DEBIT LEDGERLY PAYROLL PPD,-8740.85,21964.13
2026-09-15,ACH DEBIT LOTUS MAT SUPPLY 810788,-328.51,21635.62
2026-09-15,WIRE OUT LOTUS MAT SUPPLY REF 305491,-1478.35,20157.27
2026-09-16,ACH CREDIT PAYSWIFT PAYOUT 89791236,1302.38,21459.65
2026-09-16,ACH CREDIT PAYSWIFT PAYOUT 25886730,408.90,21868.55
2026-09-16,ACH CREDIT PAYSWIFT PAYOUT 53954673,955.06,22823.61
2026-09-16,POS 7588 LOTUS MAT SUPPLY MILL VALLEY,-210.50,22613.11
2026-09-16,POS 7588 LOTUS MAT SUPPLY MILL VALLEY,-216.32,22396.79
2026-09-17,ACH CREDIT PAYSWIFT PAYOUT 61102884,432.39,22829.18
2026-09-17,ACH CREDIT PAYSWIFT PAYOUT 39980671,1249.97,24079.15
2026-09-17,ACH CREDIT PAYSWIFT PAYOUT 33499284,159.71,24238.86
2026-09-17,POS 7588 LOTUS MAT SUPPLY MILL VALLEY,-75.38,24163.48
2026-09-17,POS 7588 SUNRISE LINEN SERVICE MILL VALLEY,-27.30,24136.18
2026-09-17,ACH DEBIT SUNRISE LINEN SERVICE 810844,-102.88,24033.30
2026-09-18,ACH CREDIT PAYSWIFT PAYOUT 67795439,414.53,24447.83
2026-09-18,BRANCH DEPOSIT 86252,2661.82,27109.65
2026-09-18,CHECK 1109,-227.50,26882.15
2026-09-18,CHECK 1112,-207.73,26674.42
2026-09-21,ACH CREDIT PAYSWIFT PAYOUT 74007760,499.28,27173.70
2026-09-21,ACH CREDIT PAYSWIFT PAYOUT 15175581,1103.36,28277.06
2026-09-21,MOBILE DEPOSIT 55686,1383.07,29660.13
2026-09-21,ACH CREDIT PAYSWIFT PAYOUT 65838799,794.04,30454.17
2026-09-21,ACH CREDIT PAYSWIFT PAYOUT 44871391,1244.03,31698.20
2026-09-21,ACH CREDIT PAYSWIFT PAYOUT 56710646,783.01,32481.21
2026-09-21,ACH DEBIT FIRST COAST BANK LOAN PMT,-1970.11,30511.10
2026-09-21,POS 7588 LOTUS MAT SUPPLY MILL VALLEY,-14.61,30496.49
2026-09-21,CHECK 1110,-187.03,30309.46
2026-09-21,WIRE OUT LOTUS MAT SUPPLY REF 213030,-1376.31,28933.15
2026-09-21,DEBIT CARD PURCHASE LOTUS MAT SUPPLY,-217.28,28715.87
2026-09-21,WIRE OUT SUNRISE LINEN SERVICE REF 185662,-462.20,28253.67
2026-09-21,DEBIT CARD PURCHASE SUNRISE LINEN SERVICE,-26.38,28227.29
2026-09-21,CHECK 1119,-125.40,28101.89
2026-09-22,POS 7588 QUIETWAVE SOUND SYSTEM MILL VALLEY,-27.17,28074.72
2026-09-22,CHECK 1114,-592.61,27482.11
2026-09-23,ACH CREDIT PAYSWIFT PAYOUT 69755592,616.56,28098.67
2026-09-23,ACH CREDIT JUNIPER TECH LABS 1178,987.28,29085.95
2026-09-23,ACH CREDIT PAYSWIFT PAYOUT 64110056,354.40,29440.35
2026-09-23,MOBILE DEPOSIT 26562,2702.11,32142.46
2026-09-23,ACH DEBIT CA DEPT TAX FEE ADMIN,-4813.38,27329.08
2026-09-23,POS 7588 QUIETWAVE SOUND SYSTEM MILL VALLEY,-76.95,27252.13
2026-09-23,POS 7588 SUNRISE LINEN SERVICE MILL VALLEY,-81.40,27170.73
2026-09-24,ACH CREDIT PAYSWIFT PAYOUT 15581928,442.89,27613.62
2026-09-24,ACH CREDIT PAYSWIFT PAYOUT 16505759,933.50,28547.12
2026-09-24,ACH CREDIT PAYSWIFT PAYOUT 39348643,383.46,28930.58
2026-09-24,DEBIT CARD PURCHASE SUNRISE LINEN SERVICE,-41.12,28889.46
2026-09-24,POS 7588 QUIETWAVE SOUND SYSTEM MILL VALLEY,-138.59,28750.87
2026-09-25,ACH CREDIT PAYSWIFT PAYOUT 56863651,464.33,29215.20
2026-09-25,ACH CREDIT PAYSWIFT PAYOUT 99306821,872.50,30087.70
2026-09-25,ACH CREDIT PAYSWIFT PAYOUT 40530683,226.88,30314.58
2026-09-25,DEBIT CARD PURCHASE LOTUS MAT SUPPLY,-131.18,30183.40
2026-09-25,DEBIT CARD PURCHASE QUIETWAVE SOUND SYSTEM,-54.31,30129.09
2026-09-28,ACH CREDIT PAYSWIFT PAYOUT 49189213,985.80,31114.89
2026-09-28,BRANCH DEPOSIT 23901,1732.37,32847.26
2026-09-28,ACH CREDIT PAYSWIFT PAYOUT 41641672,987.79,33835.05
2026-09-28,ACH CREDIT EVERGREEN CHARTER SCHOOL 4526,773.01,34608.06
2026-09-28,ACH CREDIT JUNIPER TECH LABS 5510,550.95,35159.01
2026-09-28,ACH DEBIT QUIETWAVE SOUND SYSTEMS 810717,-222.94,34936.07
2026-09-28,WIRE OUT LOTUS MAT SUPPLY REF 353815,-1523.57,33412.50
2026-09-29,ACH DEBIT LEDGERLY PAYROLL PPD,-19845.61,13566.89
2026-09-30,INTEREST EARNED,19.42,13586.31
2026-09-30,MONTHLY MAINTENANCE FEE,-35.00,13551.31
