Date,Description,Amount,Balance,Transaction Reference
09/30/2026,MONTHLY MAINTENANCE FEE,-30.00,"105,428.42",47536232625
09/29/2026,ACH DEBIT LEDGERLY PAYROLL PPD,"-15,375.99","105,458.42",37874714605
09/28/2026,CHECK 9206,-335.12,"120,834.41",18062048534
09/28/2026,WIRE OUT BREWLINE LAB TESTING REF 183722,-733.36,"121,169.53",64902597483
09/28/2026,ACH DEBIT CASCADE MALT HOUSE 721709,"-4,326.22","121,902.89",29322939940
09/28/2026,DEBIT CARD PURCHASE HOPYARD GROWERS CO-OP,"-1,033.68","126,229.11",37579250584
09/28/2026,ACH DEBIT HOPYARD GROWERS CO-OP 721696,"-2,006.88","127,262.79",70433024537
09/28/2026,WIRE OUT HOPYARD GROWERS CO-OP REF 361829,"-5,368.21","129,269.67",31828709757
09/28/2026,CHECK 9194,-141.43,"134,637.88",13829945145
09/28/2026,POS 4558 TRI COUNTY CO2 GAS SANTA ROSA,-46.33,"134,779.31",45481335698
09/28/2026,CHECK 9191,-436.61,"134,825.64",16562564298
09/28/2026,ACH DEBIT TRI COUNTY CO2 GAS 721437,-410.07,"135,262.25",34242990104
09/28/2026,CHECK 9187,-165.52,"135,672.32",35024427897
09/28/2026,ACH DEBIT HOPYARD GROWERS CO-OP 720876,"-2,929.30","135,837.84",95567887418
09/28/2026,POS 4558 TRI COUNTY CO2 GAS SANTA ROSA,-143.29,"138,767.14",83813277830
09/28/2026,POS 4558 CASCADE MALT HOUSE SANTA ROSA,-391.78,"138,910.43",39388190911
09/28/2026,ACH CREDIT PAYSWIFT PAYOUT 72656948,"2,509.01","139,302.21",76914137990
09/28/2026,BRANCH DEPOSIT 97674,"4,287.79","136,793.20",86238600565
09/28/2026,ACH CREDIT EVERGREEN CHARTER SCHOOL 9887,"5,775.40","132,505.41",43473428813
09/28/2026,ACH CREDIT PAYSWIFT PAYOUT 67182016,"1,489.79","126,730.01",51580828137
09/28/2026,ACH CREDIT PAYSWIFT PAYOUT 72266785,521.33,"125,240.22",50810457209
09/28/2026,ACH CREDIT PAYSWIFT PAYOUT 91008178,692.57,"124,718.89",94318696720
09/28/2026,ACH CREDIT PAYSWIFT PAYOUT 98401509,"2,228.35","124,026.32",29067190384
09/28/2026,ACH CREDIT PAYSWIFT PAYOUT 79904674,195.35,"121,797.97",26416900053
09/28/2026,ACH CREDIT PAYSWIFT PAYOUT 11070943,"1,091.60","121,602.62",91636257371
09/28/2026,ACH CREDIT PAYSWIFT PAYOUT 22652322,"1,471.09","120,511.02",80174594789
09/28/2026,ACH CREDIT PAYSWIFT PAYOUT 20465684,"1,546.91","119,039.93",17097710190
09/28/2026,ACH CREDIT PAYSWIFT PAYOUT 48455249,"2,527.31","117,493.02",59524924269
09/28/2026,ACH CREDIT PAYSWIFT PAYOUT 55496645,"1,513.54","114,965.71",57962862834
09/28/2026,ACH CREDIT PAYSWIFT PAYOUT 63558582,"2,199.39","113,452.17",80882371582
09/28/2026,ACH CREDIT PAYSWIFT PAYOUT 50220355,984.14,"111,252.78",15897782607
09/28/2026,ACH CREDIT PAYSWIFT PAYOUT 57947566,730.68,"110,268.64",34782220798
09/25/2026,CHECK 9201,-278.97,"109,537.96",94752302633
09/25/2026,ACH DEBIT CASCADE MALT HOUSE 721180,"-1,920.28","109,816.93",68150056846
09/25/2026,CHECK 9178,"-1,295.82","111,737.21",57523575838
09/25/2026,WIRE OUT TRI COUNTY CO2 GAS REF 934731,-575.65,"113,033.03",75059548734
09/25/2026,CHECK 9172,"-1,113.51","113,608.68",88656030567
09/25/2026,CHECK 9168,-337.66,"114,722.19",11823290673
09/25/2026,DEBIT CARD PURCHASE HOPYARD GROWERS CO-OP,-922.52,"115,059.85",72231495392
09/25/2026,DEBIT CARD PURCHASE TRI COUNTY CO2 GAS,-100.30,"115,982.37",97503606528
09/25/2026,ACH DEBIT CASCADE MALT HOUSE 720534,"-3,972.52","116,082.67",54274686392
09/25/2026,POS 4558 HOPYARD GROWERS CO-OP SANTA ROSA,-962.46,"120,055.19",12870853367
09/25/2026,ACH CREDIT PAYSWIFT PAYOUT 17957163,"2,558.37","121,017.65",69303938830
09/25/2026,BRANCH DEPOSIT 59750,"4,160.85","118,459.28",61905164446
09/25/2026,ACH CREDIT PAYSWIFT PAYOUT 37484044,"2,083.13","114,298.43",39019162989
09/25/2026,ACH CREDIT TWO RIVERS MARKET 4797,918.39,"112,215.30",29734451557
09/25/2026,ACH CREDIT PAYSWIFT PAYOUT 24370096,"2,095.73","111,296.91",84125232439
09/25/2026,ACH CREDIT PAYSWIFT PAYOUT 51997376,"2,585.96","109,201.18",21202687939
09/25/2026,ACH CREDIT PAYSWIFT PAYOUT 21943471,"2,203.56","106,615.22",93535566492
09/25/2026,ACH CREDIT OAKMONT HOTEL GROUP 6294,"5,825.13","104,411.66",93595710794
09/25/2026,ACH CREDIT PAYSWIFT PAYOUT 48892735,"2,583.06","98,586.53",77284006118
09/25/2026,ACH CREDIT PAYSWIFT PAYOUT 72685235,"1,865.08","96,003.47",26480613972
09/25/2026,ACH CREDIT PAYSWIFT PAYOUT 85347535,"1,342.18","94,138.39",25790918686
09/25/2026,ACH CREDIT PAYSWIFT PAYOUT 79940424,932.02,"92,796.21",68851336476
09/24/2026,ACH DEBIT TRI COUNTY CO2 GAS 721819,-129.83,"91,864.19",40010433906
09/24/2026,CHECK 9200,-498.97,"91,994.02",31875882690
09/24/2026,POS 4558 HOPYARD GROWERS CO-OP SANTA ROSA,-809.72,"92,492.99",11740706741
09/24/2026,ACH DEBIT TRI COUNTY CO2 GAS 721551,-511.85,"93,302.71",82828620670
09/24/2026,CHECK 9184,-238.71,"93,814.56",98816661422
09/24/2026,ACH DEBIT TRI COUNTY CO2 GAS 720895,-377.16,"94,053.27",36729760119
09/24/2026,DEBIT CARD PURCHASE BREWLINE LAB TESTING,-138.69,"94,430.43",25790630240
09/24/2026,ACH DEBIT BREWLINE LAB TESTING 720654,-297.09,"94,569.12",80650673296
09/24/2026,ACH CREDIT PAYSWIFT PAYOUT 62084563,"1,540.25","94,866.21",69364908178
09/24/2026,ACH CREDIT PAYSWIFT PAYOUT 75961641,"2,331.71","93,325.96",72823846949
09/24/2026,ACH CREDIT PAYSWIFT PAYOUT 75730042,"2,230.46","90,994.25",96313999089
09/24/2026,BRANCH DEPOSIT 14184,"4,930.99","88,763.79",30708548477
09/24/2026,ACH CREDIT PAYSWIFT PAYOUT 30318969,"2,575.48","83,832.80",41211992099
09/24/2026,ACH CREDIT PAYSWIFT PAYOUT 66230555,"1,450.75","81,257.32",12698287759
09/24/2026,ACH CREDIT PAYSWIFT PAYOUT 62219254,723.30,"79,806.57",26800140958
09/24/2026,ACH CREDIT PAYSWIFT PAYOUT 33343333,971.53,"79,083.27",69645194643
09/24/2026,ACH CREDIT PAYSWIFT PAYOUT 39766858,402.65,"78,111.74",30496927637
09/24/2026,ACH CREDIT PAYSWIFT PAYOUT 95902522,976.13,"77,709.09",46784000543
09/24/2026,ACH CREDIT PAYSWIFT PAYOUT 20566452,"1,374.65","76,732.96",16664092288
09/24/2026,ACH CREDIT PAYSWIFT PAYOUT 23155034,"2,341.44","75,358.31",57623074578
09/24/2026,ACH CREDIT PAYSWIFT PAYOUT 48634107,311.78,"73,016.87",52753254442
09/24/2026,ACH CREDIT PAYSWIFT PAYOUT 47937605,509.57,"72,705.09",58159519560
09/24/2026,ACH CREDIT PAYSWIFT PAYOUT 16646223,"1,295.20","72,195.52",58969779339
09/24/2026,ACH CREDIT PAYSWIFT PAYOUT 95126435,"2,181.01","70,900.32",43593957712
09/24/2026,ACH CREDIT PAYSWIFT PAYOUT 19166644,"2,275.44","68,719.31",13766639486
09/24/2026,ACH CREDIT PAYSWIFT PAYOUT 57759932,"1,863.61","66,443.87",53035945038
09/24/2026,ACH CREDIT PAYSWIFT PAYOUT 55360514,"1,340.12","64,580.26",89887979782
09/23/2026,CHECK 9207,-242.56,"63,240.14",36024619594
09/23/2026,DEBIT CARD PURCHASE CANWELL PACKAGING,-564.29,"63,482.70",35990211848
09/23/2026,POS 4558 CANWELL PACKAGING SANTA ROSA,-207.15,"64,046.99",32772916935
09/23/2026,WIRE OUT HOPYARD GROWERS CO-OP REF 182425,"-5,103.20","64,254.14",96180949432
09/23/2026,POS 4558 CANWELL PACKAGING SANTA ROSA,-526.38,"69,357.34",40473841768
09/23/2026,ACH DEBIT HOPYARD GROWERS CO-OP 721384,"-1,464.82","69,883.72",43858501645
09/23/2026,DEBIT CARD PURCHASE CANWELL PACKAGING,"-1,045.65","71,348.54",19524680769
09/23/2026,POS 4558 TRI COUNTY CO2 GAS SANTA ROSA,-44.95,"72,394.19",24172628382
09/23/2026,POS 4558 CANWELL PACKAGING SANTA ROSA,-69.79,"72,439.14",71110333353
09/23/2026,POS 4558 BREWLINE LAB TESTING SANTA ROSA,-16.60,"72,508.93",32862455838
09/23/2026,DEBIT CARD PURCHASE TRI COUNTY CO2 GAS,-160.46,"72,525.53",47171893530
09/23/2026,ACH DEBIT CA DEPT TAX FEE ADMIN,"-5,140.76","72,685.99",54404265645
09/23/2026,ACH CREDIT PAYSWIFT PAYOUT 15341861,"2,394.77","77,826.75",78937736738
09/23/2026,ACH CREDIT PAYSWIFT PAYOUT 19054776,349.46,"75,431.98",61247259766
09/23/2026,ACH CREDIT PAYSWIFT PAYOUT 22467053,"1,914.33","75,082.52",34098804017
09/23/2026,ACH CREDIT PAYSWIFT PAYOUT 21517776,"1,507.83","73,168.19",59610235667
09/23/2026,DEPOSIT 42166,"5,836.31","71,660.36",12492228538
09/23/2026,ACH CREDIT PAYSWIFT PAYOUT 41676235,939.59,"65,824.05",85038429158
09/23/2026,ACH CREDIT PAYSWIFT PAYOUT 94156345,"2,212.81","64,884.46",92108742386
09/23/2026,ACH CREDIT PAYSWIFT PAYOUT 69161158,"1,502.99","62,671.65",94242402351
09/23/2026,ACH CREDIT PAYSWIFT PAYOUT 88113968,"2,471.11","61,168.66",13379751175
09/23/2026,ACH CREDIT PAYSWIFT PAYOUT 11496982,387.57,"58,697.55",20290670593
09/23/2026,ACH CREDIT PAYSWIFT PAYOUT 74580100,386.92,"58,309.98",30205785393
09/22/2026,WIRE OUT CASCADE MALT HOUSE REF 636200,"-9,976.00","57,923.06",79229629140
09/22/2026,WIRE OUT BREWLINE LAB TESTING REF 167044,-477.07,"67,899.06",46508083717
09/22/2026,CHECK 9197,-197.51,"68,376.13",24002980216
09/22/2026,WIRE OUT HOPYARD GROWERS CO-OP REF 699726,"-6,225.30","68,573.64",19436243247
09/22/2026,CHECK 9186,"-3,309.57","74,798.94",15479405477
09/22/2026,POS 4558 HOPYARD GROWERS CO-OP SANTA ROSA,-938.22,"78,108.51",69860149249
09/22/2026,WIRE OUT CANWELL PACKAGING REF 559083,"-4,786.69","79,046.73",79643528676
09/22/2026,CHECK 9167,-514.22,"83,833.42",31410251956
09/22/2026,WIRE OUT BREWLINE LAB TESTING REF 716271,-760.84,"84,347.64",31051150892
09/22/2026,CHECK 9157,-502.19,"85,108.48",28226010523
09/22/2026,POS 4558 CASCADE MALT HOUSE SANTA ROSA,"-1,402.52","85,610.67",55885591588
09/22/2026,ACH DEBIT TRI COUNTY CO2 GAS 720391,-372.01,"87,013.19",40900589273
09/22/2026,CHECK 9151,"-1,975.01","87,385.20",11246654980
09/22/2026,ACH CREDIT PAYSWIFT PAYOUT 21442207,"1,209.07","89,360.21",86900881796
09/22/2026,ACH CREDIT PAYSWIFT PAYOUT 60810548,"2,168.26","88,151.14",68262687651
09/22/2026,ACH CREDIT PAYSWIFT PAYOUT 73277314,"1,045.99","85,982.88",10938434619
09/22/2026,ACH CREDIT PAYSWIFT PAYOUT 58119179,468.01,"84,936.89",79549931455
09/22/2026,DEPOSIT 22692,"2,187.49","84,468.88",68166511716
09/22/2026,ACH CREDIT PAYSWIFT PAYOUT 51497949,"1,804.71","82,281.39",16883390445
09/22/2026,ACH CREDIT PAYSWIFT PAYOUT 98974867,"1,055.27","80,476.68",31372472288
09/22/2026,DEPOSIT 62317,"4,912.88","79,421.41",91188090497
09/21/2026,CHECK 9211,"-2,995.90","74,508.53",54546615301
09/21/2026,ACH DEBIT TRI COUNTY CO2 GAS 721814,-266.57,"77,504.43",38053760852
09/21/2026,WIRE OUT CANWELL PACKAGING REF 979292,"-8,480.73","77,771.00",22448672528
09/21/2026,ACH DEBIT CANWELL PACKAGING 721706,"-3,395.99","86,251.73",18956213439
09/21/2026,CHECK 9203,-391.39,"89,647.72",99932732223
09/21/2026,ACH DEBIT BREWLINE LAB TESTING 721703,-286.54,"90,039.11",81460920126
09/21/2026,POS 4558 CASCADE MALT HOUSE SANTA ROSA,"-1,120.11","90,325.65",29424312455
09/21/2026,CHECK 9198,"-1,280.24","91,445.76",94033789211
09/21/2026,ACH DEBIT HOPYARD GROWERS CO-OP 721678,-842.25,"92,726.00",62869414809
09/21/2026,WIRE OUT CANWELL PACKAGING REF 114579,"-7,924.54","93,568.25",70669498340
09/21/2026,DEBIT CARD PURCHASE HOPYARD GROWERS CO-OP,-72.41,"101,492.79",31572294493
09/21/2026,POS 4558 TRI COUNTY CO2 GAS SANTA ROSA,-118.23,"101,565.20",77190200354
09/21/2026,CHECK 9192,"-3,901.79","101,683.43",40227722927
09/21/2026,ACH DEBIT CANWELL PACKAGING 721594,"-3,868.45","105,585.22",39650752877
09/21/2026,ACH DEBIT CASCADE MALT HOUSE 721514,"-1,975.78","109,453.67",45086105204
09/21/2026,POS 4558 CASCADE MALT HOUSE SANTA ROSA,"-1,319.46","111,429.45",99370837371
09/21/2026,CHECK 9189,-337.92,"112,748.91",54416569381
09/21/2026,POS 4558 TRI COUNTY CO2 GAS SANTA ROSA,-25.01,"113,086.83",84481665913
09/21/2026,POS 4558 CANWELL PACKAGING SANTA ROSA,-193.61,"113,111.84",55683794031
09/21/2026,POS 4558 TRI COUNTY CO2 GAS SANTA ROSA,-146.76,"113,305.45",11975660699
09/21/2026,ACH DEBIT CANWELL PACKAGING 721187,"-3,733.73","113,452.21",94745747875
09/21/2026,POS 4558 HOPYARD GROWERS CO-OP SANTA ROSA,"-1,121.11","117,185.94",75569547219
09/21/2026,CHECK 9181,-142.48,"118,307.05",18156782736
09/21/2026,CHECK 9180,"-3,933.84","118,449.53",94546901518
09/21/2026,WIRE OUT HOPYARD GROWERS CO-OP REF 736632,"-4,134.56","122,383.37",15128714651
09/21/2026,DEBIT CARD PURCHASE CANWELL PACKAGING,"-1,056.57","126,517.93",46696544160
09/21/2026,WIRE OUT CASCADE MALT HOUSE REF 910547,"-10,125.95","127,574.50",81657474766
09/21/2026,CHECK 9177,-478.44,"137,700.45",23735104090
09/21/2026,CHECK 9175,"-3,617.49","138,178.89",37125534899
09/21/2026,ACH DEBIT BREWLINE LAB TESTING 720996,-190.22,"141,796.38",49652799547
09/21/2026,DEBIT CARD PURCHASE TRI COUNTY CO2 GAS,-87.21,"141,986.60",75429171510
09/21/2026,POS 4558 CANWELL PACKAGING SANTA ROSA,-666.84,"142,073.81",77769042511
09/21/2026,ACH DEBIT CANWELL PACKAGING 720846,-759.61,"142,740.65",38888628647
09/21/2026,DEBIT CARD PURCHASE BREWLINE LAB TESTING,-139.47,"143,500.26",56574656281
09/21/2026,ACH DEBIT BREWLINE LAB TESTING 720843,-266.01,"143,639.73",22791438989
09/21/2026,POS 4558 HOPYARD GROWERS CO-OP SANTA ROSA,"-1,045.52","143,905.74",63555599782
09/21/2026,DEBIT CARD PURCHASE CANWELL PACKAGING,-839.09,"144,951.26",74091152367
09/21/2026,ACH DEBIT BREWLINE LAB TESTING 720730,-260.12,"145,790.35",59121760805
09/21/2026,ACH DEBIT CASCADE MALT HOUSE 720716,"-3,210.65","146,050.47",31424522789
09/21/2026,ACH DEBIT BREWLINE LAB TESTING 720678,-287.13,"149,261.12",19017366200
09/21/2026,DEBIT CARD PURCHASE CASCADE MALT HOUSE,-566.51,"149,548.25",57088108519
09/21/2026,ACH DEBIT CANWELL PACKAGING 720559,"-3,400.37","150,114.76",17819194913
09/21/2026,ACH DEBIT BREWLINE LAB TESTING 720522,-300.84,"153,515.13",57749607842
09/21/2026,DEBIT CARD PURCHASE HOPYARD GROWERS CO-OP,-511.36,"153,815.97",39935720454
09/21/2026,ACH DEBIT HOPYARD GROWERS CO-OP 720453,"-1,212.38","154,327.33",17450023549
09/21/2026,POS 4558 CASCADE MALT HOUSE SANTA ROSA,"-1,437.30","155,539.71",53549772393
09/21/2026,ACH DEBIT FIRST COAST BANK LOAN PMT,"-1,623.88","156,977.01",20123772352
09/21/2026,BRANCH DEPOSIT 27100,"3,722.14","158,600.89",41838097169
09/21/2026,ACH CREDIT PAYSWIFT PAYOUT 26808994,"1,382.29","154,878.75",38517338624
09/21/2026,ACH CREDIT PAYSWIFT PAYOUT 25924935,"2,582.07","153,496.46",12309863918
09/21/2026,ACH CREDIT RIVERA CATERING 4565,"3,074.81","150,914.39",32076366698
09/21/2026,ACH CREDIT PAYSWIFT PAYOUT 11265094,"2,016.39","147,839.58",24065220771
09/21/2026,ACH CREDIT PAYSWIFT PAYOUT 94949245,"2,260.82","145,823.19",50394824768
09/21/2026,ACH CREDIT PAYSWIFT PAYOUT 74038471,"2,486.28","143,562.37",72347624273
09/21/2026,ACH CREDIT PAYSWIFT PAYOUT 40406381,"2,049.96","141,076.09",88493447745
09/21/2026,ACH CREDIT PAYSWIFT PAYOUT 68112876,"2,285.87","139,026.13",26466660062
09/21/2026,ACH CREDIT PAYSWIFT PAYOUT 65482088,"1,801.26","136,740.26",72189543585
09/21/2026,ACH CREDIT PAYSWIFT PAYOUT 28324376,"1,988.80","134,939.00",17607533717
09/21/2026,ACH CREDIT PAYSWIFT PAYOUT 96155764,"2,103.50","132,950.20",76691710181
09/21/2026,ACH CREDIT PAYSWIFT PAYOUT 13852545,295.13,"130,846.70",79574527519
09/21/2026,ACH CREDIT PAYSWIFT PAYOUT 65626366,672.90,"130,551.57",15386381690
09/21/2026,ACH CREDIT PAYSWIFT PAYOUT 84061652,"2,557.32","129,878.67",68046755930
09/21/2026,ACH CREDIT PAYSWIFT PAYOUT 15253463,"1,679.26","127,321.35",37886043524
09/21/2026,ACH CREDIT PAYSWIFT PAYOUT 45376792,"2,085.79","125,642.09",82974616589
09/21/2026,ACH CREDIT PAYSWIFT PAYOUT 57818949,"2,522.27","123,556.30",49977986073
09/21/2026,ACH CREDIT PAYSWIFT PAYOUT 85980496,515.34,"121,034.03",26499552857
09/21/2026,ACH CREDIT PAYSWIFT PAYOUT 90636655,"1,368.11","120,518.69",20844671821
09/21/2026,ACH CREDIT PAYSWIFT PAYOUT 41816967,"2,575.74","119,150.58",44477688942
09/21/2026,ACH CREDIT PAYSWIFT PAYOUT 60206578,"2,076.70","116,574.84",89015225641
09/21/2026,ACH CREDIT PAYSWIFT PAYOUT 19889971,"2,198.88","114,498.14",48248633763
09/21/2026,ACH CREDIT COASTSIDE REALTY 9364,769.13,"112,299.26",84444213713
09/21/2026,ACH CREDIT PAYSWIFT PAYOUT 71938010,"2,102.13","111,530.13",33605645101
09/21/2026,ACH CREDIT PAYSWIFT PAYOUT 44144182,"1,979.72","109,428.00",35317410988
09/21/2026,ACH CREDIT PAYSWIFT PAYOUT 67271171,"2,452.49","107,448.28",59244816853
09/21/2026,ACH CREDIT PAYSWIFT PAYOUT 41216939,"1,670.33","104,995.79",76906165874
09/21/2026,ACH CREDIT PAYSWIFT PAYOUT 29459513,"1,230.79","103,325.46",12597162039
09/21/2026,ACH CREDIT PAYSWIFT PAYOUT 98063159,"1,637.37","102,094.67",95434662586
09/21/2026,ACH CREDIT PAYSWIFT PAYOUT 44735536,"1,769.29","100,457.30",43397955489
09/21/2026,ACH CREDIT PAYSWIFT PAYOUT 84964208,"2,002.29","98,688.01",85251046623
09/21/2026,DEPOSIT 31956,"1,736.47","96,685.72",76219931432
09/21/2026,ACH CREDIT PAYSWIFT PAYOUT 14194527,"1,377.65","94,949.25",72341091460
09/21/2026,ACH CREDIT PAYSWIFT PAYOUT 46217321,"1,296.34","93,571.60",86409061730
09/18/2026,CHECK 9210,"-3,518.95","92,275.26",10396648867
09/18/2026,POS 4558 CASCADE MALT HOUSE SANTA ROSA,-102.28,"95,794.21",51709949303
09/18/2026,ACH DEBIT TRI COUNTY CO2 GAS 721784,-490.72,"95,896.49",94249356172
09/18/2026,WIRE OUT CANWELL PACKAGING REF 757135,"-5,221.29","96,387.21",57753716188
09/18/2026,ACH DEBIT TRI COUNTY CO2 GAS 721726,-117.84,"101,608.50",72684810088
09/18/2026,WIRE OUT HOPYARD GROWERS CO-OP REF 483778,"-7,678.07","101,726.34",27164694566
09/18/2026,POS 4558 TRI COUNTY CO2 GAS SANTA ROSA,-85.87,"109,404.41",99761520859
09/18/2026,CHECK 9185,"-1,848.35","109,490.28",37439160662
09/18/2026,POS 4558 HOPYARD GROWERS CO-OP SANTA ROSA,-394.26,"111,338.63",77206919941
09/18/2026,POS 4558 TRI COUNTY CO2 GAS SANTA ROSA,-133.03,"111,732.89",15381766815
09/18/2026,POS 4558 BREWLINE LAB TESTING SANTA ROSA,-26.61,"111,865.92",76440185452
09/18/2026,CHECK 9159,"-1,938.47","111,892.53",82889280283
09/18/2026,ACH DEBIT CANWELL PACKAGING 720405,"-1,832.82","113,831.00",69985033465
09/18/2026,ACH CREDIT PAYSWIFT PAYOUT 34254911,511.01,"115,663.82",76637067583
09/18/2026,ACH CREDIT PAYSWIFT PAYOUT 63236155,648.81,"115,152.81",15444088790
09/18/2026,ACH CREDIT PAYSWIFT PAYOUT 38002092,"1,813.73","114,504.00",32971865998
09/18/2026,ACH CREDIT PAYSWIFT PAYOUT 30109433,"1,182.38","112,690.27",56239539597
09/18/2026,ACH CREDIT PAYSWIFT PAYOUT 87458950,"1,998.35","111,507.89",57095884619
09/18/2026,ACH CREDIT PAYSWIFT PAYOUT 31417868,881.76,"109,509.54",68020365345
09/18/2026,ACH CREDIT PAYSWIFT PAYOUT 57261271,442.70,"108,627.78",91938525046
09/18/2026,ACH CREDIT PAYSWIFT PAYOUT 87371850,291.93,"108,185.08",75085322554
09/18/2026,ACH CREDIT PAYSWIFT PAYOUT 93929183,"1,200.00","107,893.15",53729509617
09/18/2026,ACH CREDIT PAYSWIFT PAYOUT 92420650,499.42,"106,693.15",12045966512
09/18/2026,ACH CREDIT PAYSWIFT PAYOUT 99741437,"2,222.07","106,193.73",34150110254
09/18/2026,ACH CREDIT PAYSWIFT PAYOUT 95253997,"2,468.58","103,971.66",59390188539
09/18/2026,ACH CREDIT PAYSWIFT PAYOUT 75920394,479.50,"101,503.08",18140815444
09/18/2026,ACH CREDIT PAYSWIFT PAYOUT 93377601,"2,086.47","101,023.58",25364181229
09/17/2026,ACH DEBIT HOPYARD GROWERS CO-OP 721750,-984.17,"98,937.11",93805680721
09/17/2026,WIRE OUT BREWLINE LAB TESTING REF 196898,-713.08,"99,921.28",85299267182
09/17/2026,CHECK 9190,"-3,184.03","100,634.36",76975047918
09/17/2026,ACH DEBIT HOPYARD GROWERS CO-OP 721475,"-3,380.54","103,818.39",34979649301
09/17/2026,ACH DEBIT CANWELL PACKAGING 721116,"-3,186.52","107,198.93",12325752609
09/17/2026,CHECK 9179,"-2,664.48","110,385.45",27617964904
09/17/2026,ACH DEBIT CASCADE MALT HOUSE 720922,"-2,397.17","113,049.93",37490857278
09/17/2026,CHECK 9174,"-3,150.92","115,447.10",73513591546
09/17/2026,POS 4558 HOPYARD GROWERS CO-OP SANTA ROSA,-253.20,"118,598.02",70571963844
09/17/2026,CHECK 9152,-509.65,"118,851.22",60602342479
09/17/2026,ACH CREDIT PAYSWIFT PAYOUT 92597344,618.39,"119,360.87",26170987072
09/17/2026,ACH CREDIT PAYSWIFT PAYOUT 97267668,344.08,"118,742.48",46394960089
09/17/2026,ACH CREDIT PAYSWIFT PAYOUT 92483805,"1,108.79","118,398.40",49710924151
09/17/2026,ACH CREDIT PAYSWIFT PAYOUT 40107432,"1,546.78","117,289.61",73759775041
09/17/2026,ACH CREDIT PAYSWIFT PAYOUT 77983737,992.11,"115,742.83",41958579454
09/17/2026,ACH CREDIT PAYSWIFT PAYOUT 57769976,"2,384.10","114,750.72",19072628146
09/17/2026,ACH CREDIT PAYSWIFT PAYOUT 16289088,"1,679.74","112,366.62",25262966396
09/17/2026,BRANCH DEPOSIT 88074,"3,857.37","110,686.88",96199095532
09/17/2026,ACH CREDIT PAYSWIFT PAYOUT 60424620,553.73,"106,829.51",17139646339
09/16/2026,ACH DEBIT CASCADE MALT HOUSE 721667,-894.01,"106,275.78",60112993362
09/16/2026,POS 4558 TRI COUNTY CO2 GAS SANTA ROSA,-113.21,"107,169.79",57985503762
09/16/2026,ACH DEBIT CASCADE MALT HOUSE 721364,"-3,593.93","107,283.00",34057412720
09/16/2026,ACH DEBIT CANWELL PACKAGING 721171,"-3,721.87","110,876.93",40414022268
09/16/2026,DEBIT CARD PURCHASE CASCADE MALT HOUSE,"-1,047.55","114,598.80",63318705539
09/16/2026,CHECK 9163,-277.49,"115,646.35",27274163952
09/16/2026,DEBIT CARD PURCHASE HOPYARD GROWERS CO-OP,"-1,252.98","115,923.84",27642806839
09/16/2026,ACH CREDIT PAYSWIFT PAYOUT 39664468,617.50,"117,176.82",93144046757
09/16/2026,DEPOSIT 59834,"1,696.86","116,559.32",78930454817
09/16/2026,ACH CREDIT PAYSWIFT PAYOUT 61133900,338.50,"114,862.46",35247449177
09/16/2026,ACH CREDIT PAYSWIFT PAYOUT 73618295,"1,968.61","114,523.96",99568534580
09/16/2026,ACH CREDIT PAYSWIFT PAYOUT 79687362,"1,246.42","112,555.35",17012204155
09/16/2026,ACH CREDIT PAYSWIFT PAYOUT 56841562,628.88,"111,308.93",13385975049
09/16/2026,ACH CREDIT PAYSWIFT PAYOUT 48432508,847.86,"110,680.05",31926090052
09/16/2026,ACH CREDIT PAYSWIFT PAYOUT 19390338,"1,797.07","109,832.19",28515290750
09/16/2026,MOBILE DEPOSIT 69172,"1,031.79","108,035.12",43420575239
09/15/2026,CHECK 9199,"-4,515.98","107,003.33",36036626106
09/15/2026,WIRE OUT TRI COUNTY CO2 GAS REF 738261,-600.73,"111,519.31",61752378785
09/15/2026,CHECK 9193,-250.96,"112,120.04",65881333832
09/15/2026,DEBIT CARD PURCHASE TRI COUNTY CO2 GAS,-60.37,"112,371.00",82584869615
09/15/2026,POS 4558 CASCADE MALT HOUSE SANTA ROSA,"-1,239.72","112,431.37",86535091521
09/15/2026,WIRE OUT HOPYARD GROWERS CO-OP REF 644346,"-5,777.16","113,671.09",24233795650
09/15/2026,DEBIT CARD PURCHASE TRI COUNTY CO2 GAS,-173.30,"119,448.25",47714934907
09/15/2026,WIRE OUT BREWLINE LAB TESTING REF 956694,-817.79,"119,621.55",76087423283
09/15/2026,POS 4558 TRI COUNTY CO2 GAS SANTA ROSA,-65.91,"120,439.34",27586649027
09/15/2026,DEBIT CARD PURCHASE CASCADE MALT HOUSE,-657.09,"120,505.25",81951539235
09/15/2026,ACH DEBIT LEDGERLY PAYROLL PPD,"-11,186.51","121,162.34",88879727335
09/15/2026,ACH CREDIT OAKMONT HOTEL GROUP 5480,"1,230.74","132,348.85",12304802867
09/15/2026,ACH CREDIT PAYSWIFT PAYOUT 41732150,452.73,"131,118.11",48940510656
09/15/2026,MOBILE DEPOSIT 66659,"5,579.44","130,665.38",84310148878
09/15/2026,ACH CREDIT PAYSWIFT PAYOUT 34248553,"2,298.15","125,085.94",36214173807
09/15/2026,ACH CREDIT LINDQVIST FAMILY TRUST 5767,"2,336.03","122,787.79",71248652503
09/15/2026,ACH CREDIT PAYSWIFT PAYOUT 54809787,"1,664.47","120,451.76",25313354926
09/15/2026,ACH CREDIT PAYSWIFT PAYOUT 15236172,482.00,"118,787.29",95788734468
09/15/2026,ACH CREDIT PAYSWIFT PAYOUT 74830275,"1,664.43","118,305.29",84022398976
09/15/2026,ACH CREDIT PAYSWIFT PAYOUT 46156780,572.80,"116,640.86",98952895155
09/14/2026,RETURNED ITEM NSF CHK 9391,"-1,560.18","116,068.06",59234699064
09/14/2026,DEBIT CARD PURCHASE CASCADE MALT HOUSE,"-1,156.61","117,628.24",29778570630
09/14/2026,CHECK 9208,-459.77,"118,784.85",39852535412
09/14/2026,CHECK 9204,"-1,955.65","119,244.62",92638690112
09/14/2026,CHECK 9202,-223.25,"121,200.27",26658844527
09/14/2026,DEBIT CARD PURCHASE CANWELL PACKAGING,-883.55,"121,423.52",85781614009
09/14/2026,DEBIT CARD PURCHASE CANWELL PACKAGING,"-1,259.91","122,307.07",73264887184
09/14/2026,POS 4558 CANWELL PACKAGING SANTA ROSA,"-1,146.24","123,566.98",16017852534
09/14/2026,WIRE OUT CASCADE MALT HOUSE REF 232754,"-10,332.51","124,713.22",22989993662
09/14/2026,POS 4558 BREWLINE LAB TESTING SANTA ROSA,-21.20,"135,045.73",87662541919
09/14/2026,WIRE OUT HOPYARD GROWERS CO-OP REF 260211,"-6,311.06","135,066.93",50000743607
09/14/2026,ACH DEBIT CANWELL PACKAGING 721484,"-3,217.56","141,377.99",92273168610
09/14/2026,POS 4558 CASCADE MALT HOUSE SANTA ROSA,"-1,245.24","144,595.55",81260519149
09/14/2026,POS 4558 HOPYARD GROWERS CO-OP SANTA ROSA,-273.00,"145,840.79",24311658196
09/14/2026,POS 4558 TRI COUNTY CO2 GAS SANTA ROSA,-43.59,"146,113.79",68286457577
09/14/2026,POS 4558 CASCADE MALT HOUSE SANTA ROSA,"-1,088.17","146,157.38",56007035228
09/14/2026,ACH DEBIT CASCADE MALT HOUSE 721237,"-3,487.24","147,245.55",18351229160
09/14/2026,POS 4558 HOPYARD GROWERS CO-OP SANTA ROSA,-229.56,"150,732.79",85340032970
09/14/2026,ACH DEBIT HOPYARD GROWERS CO-OP 721215,"-1,798.23","150,962.35",78164925733
09/14/2026,ACH DEBIT TRI COUNTY CO2 GAS 721197,-325.28,"152,760.58",50484496808
09/14/2026,POS 4558 CANWELL PACKAGING SANTA ROSA,-287.39,"153,085.86",25692315710
09/14/2026,ACH DEBIT HOPYARD GROWERS CO-OP 721136,"-3,704.72","153,373.25",45116278930
09/14/2026,ACH DEBIT TRI COUNTY CO2 GAS 721102,-446.10,"157,077.97",29785121799
09/14/2026,CHECK 9183,"-3,444.68","157,524.07",82560841900
09/14/2026,POS 4558 HOPYARD GROWERS CO-OP SANTA ROSA,-621.86,"160,968.75",17085953139
09/14/2026,CHECK 9182,"-4,338.47","161,590.61",95924644926
09/14/2026,ACH DEBIT HOPYARD GROWERS CO-OP 721048,"-1,000.79","165,929.08",82834788244
09/14/2026,ACH DEBIT HOPYARD GROWERS CO-OP 721040,"-3,753.28","166,929.87",47195161872
09/14/2026,CHECK 9176,-174.99,"170,683.15",31779660940
09/14/2026,DEBIT CARD PURCHASE BREWLINE LAB TESTING,-71.68,"170,858.14",70897514624
09/14/2026,CHECK 9171,-696.79,"170,929.82",61856838370
09/14/2026,WIRE OUT CASCADE MALT HOUSE REF 820133,"-6,439.26","171,626.61",56037072985
09/14/2026,CHECK 9165,"-1,969.13","178,065.87",67684685831
09/14/2026,WIRE OUT BREWLINE LAB TESTING REF 544471,-846.86,"180,035.00",37599353114
09/14/2026,DEBIT CARD PURCHASE HOPYARD GROWERS CO-OP,-600.85,"180,881.86",75991985707
09/14/2026,POS 4558 HOPYARD GROWERS CO-OP SANTA ROSA,-180.20,"181,482.71",53783839049
09/14/2026,POS 4558 CASCADE MALT HOUSE SANTA ROSA,-833.27,"181,662.91",57322053768
09/14/2026,WIRE OUT TRI COUNTY CO2 GAS REF 161371,-968.43,"182,496.18",28101661235
09/14/2026,CHECK 9155,"-3,317.60","183,464.61",79496196713
09/14/2026,POS 4558 CANWELL PACKAGING SANTA ROSA,-101.08,"186,782.21",66995031593
09/14/2026,POS 4558 TRI COUNTY CO2 GAS SANTA ROSA,-82.48,"186,883.29",19459635719
09/14/2026,POS 4558 HOPYARD GROWERS CO-OP SANTA ROSA,-287.99,"186,965.77",13317983010
09/14/2026,POS 4558 CASCADE MALT HOUSE SANTA ROSA,-884.81,"187,253.76",45363539116
09/14/2026,DEBIT CARD PURCHASE BREWLINE LAB TESTING,-112.03,"188,138.57",54086272057
09/14/2026,ACH DEBIT COASTLINE POWER AND WATER,"-1,518.38","188,250.60",61942292881
09/14/2026,ACH CREDIT PAYSWIFT PAYOUT 72650371,"1,848.67","189,768.98",80501061519
09/14/2026,ACH CREDIT PAYSWIFT PAYOUT 31859444,"1,360.03","187,920.31",39846882718
09/14/2026,ACH CREDIT PAYSWIFT PAYOUT 14046992,"1,155.67","186,560.28",27254516488
09/14/2026,ACH CREDIT PAYSWIFT PAYOUT 70780444,"2,207.35","185,404.61",16592732317
09/14/2026,ACH CREDIT PAYSWIFT PAYOUT 81800630,"1,964.11","183,197.26",82905580346
09/14/2026,ACH CREDIT PAYSWIFT PAYOUT 66744958,"2,013.50","181,233.15",86168888864
09/14/2026,ACH CREDIT PAYSWIFT PAYOUT 57152913,918.38,"179,219.65",11165909428
09/14/2026,ACH CREDIT PAYSWIFT PAYOUT 73900304,"1,123.64","178,301.27",27365696198
09/14/2026,ACH CREDIT PAYSWIFT PAYOUT 57336099,862.27,"177,177.63",26396479208
09/14/2026,ACH CREDIT PAYSWIFT PAYOUT 64807163,"2,541.19","176,315.36",54535848817
09/14/2026,ACH CREDIT PAYSWIFT PAYOUT 42094809,"2,486.62","173,774.17",98602450541
09/14/2026,MOBILE DEPOSIT 99847,"3,444.63","171,287.55",64915447685
09/14/2026,ACH CREDIT PAYSWIFT PAYOUT 33754070,314.57,"167,842.92",25224602337
09/14/2026,ACH CREDIT PAYSWIFT PAYOUT 34053809,"1,076.46","167,528.35",44741066354
09/14/2026,ACH CREDIT JUNIPER TECH LABS 6269,"4,377.04","166,451.89",43874685574
09/14/2026,ACH CREDIT PAYSWIFT PAYOUT 68090791,"2,134.30","162,074.85",86619659867
09/14/2026,ACH CREDIT PAYSWIFT PAYOUT 78452426,"1,800.72","159,940.55",45748243189
09/14/2026,DEPOSIT 74696,"5,115.87","158,139.83",10416902334
09/14/2026,ACH CREDIT PAYSWIFT PAYOUT 38361297,"2,074.28","153,023.96",11932532338
09/14/2026,BRANCH DEPOSIT 56302,"5,399.84","150,949.68",14921785150
09/11/2026,WIRE OUT BREWLINE LAB TESTING REF 739833,-617.62,"145,549.84",36056166828
09/11/2026,POS 4558 CANWELL PACKAGING SANTA ROSA,-674.74,"146,167.46",29913892335
09/11/2026,DEBIT CARD PURCHASE BREWLINE LAB TESTING,-68.01,"146,842.20",65824712215
09/11/2026,WIRE OUT HOPYARD GROWERS CO-OP REF 850626,"-5,513.64","146,910.21",78828133442
09/11/2026,CHECK 9173,-949.40,"152,423.85",12436591586
09/11/2026,WIRE OUT TRI COUNTY CO2 GAS REF 229296,"-1,049.35","153,373.25",69902548694
09/11/2026,POS 4558 BREWLINE LAB TESTING SANTA ROSA,-42.88,"154,422.60",33531604868
09/11/2026,CHECK 9160,"-1,522.80","154,465.48",44656121042
09/11/2026,ACH DEBIT BREWLINE LAB TESTING 720593,-339.75,"155,988.28",79551430338
09/11/2026,DEBIT CARD PURCHASE CANWELL PACKAGING,"-1,295.30","156,328.03",22744108796
09/11/2026,CHECK 9158,-209.92,"157,623.33",98866546074
09/11/2026,CHECK 9153,"-1,200.14","157,833.25",74206224590
09/11/2026,ACH CREDIT PAYSWIFT PAYOUT 27526262,"2,233.48","159,033.39",62120328693
09/11/2026,ACH CREDIT PAYSWIFT PAYOUT 73866647,"1,944.48","156,799.91",98000857344
09/11/2026,ACH CREDIT PAYSWIFT PAYOUT 98524329,"2,413.78","154,855.43",45508961126
09/11/2026,ACH CREDIT PAYSWIFT PAYOUT 82957606,"2,412.68","152,441.65",65867626954
09/11/2026,ACH CREDIT PAYSWIFT PAYOUT 42994632,"2,180.73","150,028.97",73245411613
09/11/2026,ACH CREDIT PAYSWIFT PAYOUT 41995019,"1,157.07","147,848.24",14469792756
09/11/2026,ACH CREDIT PAYSWIFT PAYOUT 19601396,"1,261.64","146,691.17",68424756778
09/11/2026,ACH CREDIT PAYSWIFT PAYOUT 64632829,"2,325.12","145,429.53",19681954185
09/11/2026,ACH CREDIT PAYSWIFT PAYOUT 63455459,"1,231.21","143,104.41",49043840933
09/11/2026,ACH CREDIT PAYSWIFT PAYOUT 34427124,"1,206.78","141,873.20",96031479435
09/11/2026,ACH CREDIT PAYSWIFT PAYOUT 97084351,705.58,"140,666.42",17661004114
09/11/2026,ACH CREDIT EVERGREEN CHARTER SCHOOL 5976,"5,223.99","139,960.84",74604958031
09/11/2026,ACH CREDIT PAYSWIFT PAYOUT 29002883,"1,698.32","134,736.85",95179114618
09/10/2026,ACH DEBIT HOPYARD GROWERS CO-OP 721798,-973.61,"133,038.53",69603489279
09/10/2026,POS 4558 TRI COUNTY CO2 GAS SANTA ROSA,-25.76,"134,012.14",78744086087
09/10/2026,DEBIT CARD PURCHASE TRI COUNTY CO2 GAS,-44.58,"134,037.90",63917125034
09/10/2026,DEBIT CARD PURCHASE CANWELL PACKAGING,-114.42,"134,082.48",43344156167
09/10/2026,DEBIT CARD PURCHASE BREWLINE LAB TESTING,-29.91,"134,196.90",89666827730
09/10/2026,DEBIT CARD PURCHASE BREWLINE LAB TESTING,-52.16,"134,226.81",16332898167
09/10/2026,WIRE OUT BREWLINE LAB TESTING REF 454682,-814.22,"134,278.97",34207812053
09/10/2026,POS 4558 HOPYARD GROWERS CO-OP SANTA ROSA,-454.78,"135,093.19",59790766770
09/10/2026,POS 4558 BREWLINE LAB TESTING SANTA ROSA,-85.63,"135,547.97",65584249843
09/10/2026,POS 4558 BREWLINE LAB TESTING SANTA ROSA,-96.87,"135,633.60",43550607946
09/10/2026,ACH DEBIT HOPYARD GROWERS CO-OP 721256,"-2,466.84","135,730.47",27316130553
09/10/2026,POS 4558 CASCADE MALT HOUSE SANTA ROSA,-532.36,"138,197.31",25524203825
09/10/2026,ACH DEBIT CASCADE MALT HOUSE 721146,"-4,072.09","138,729.67",49592689748
09/10/2026,POS 4558 BREWLINE LAB TESTING SANTA ROSA,-77.96,"142,801.76",65330178018
09/10/2026,ACH DEBIT BREWLINE LAB TESTING 721032,-388.93,"142,879.72",33727215176
09/10/2026,ACH DEBIT TRI COUNTY CO2 GAS 720806,-144.83,"143,268.65",73660769313
09/10/2026,CHECK 9169,-281.52,"143,413.48",74104457878
09/10/2026,DEBIT CARD PURCHASE CANWELL PACKAGING,-109.80,"143,695.00",73189836400
09/10/2026,CHECK 9162,-109.78,"143,804.80",80263348319
09/10/2026,ACH DEBIT CASCADE MALT HOUSE 720651,"-4,277.26","143,914.58",13188955248
09/10/2026,DEBIT CARD PURCHASE CASCADE MALT HOUSE,-201.25,"148,191.84",68786491643
09/10/2026,CHECK 9156,"-3,339.94","148,393.09",72535054201
09/10/2026,POS 4558 BREWLINE LAB TESTING SANTA ROSA,-18.74,"151,733.03",25433577789
09/10/2026,DEBIT CARD PURCHASE CANWELL PACKAGING,"-1,017.13","151,751.77",51869465103
09/10/2026,ACH CREDIT PAYSWIFT PAYOUT 38983336,"1,486.02","152,768.90",19574771773
09/10/2026,ACH CREDIT PAYSWIFT PAYOUT 50356537,"1,136.68","151,282.88",12166263895
09/10/2026,ACH CREDIT PAYSWIFT PAYOUT 33657484,"1,350.75","150,146.20",67559109464
09/10/2026,ACH CREDIT PAYSWIFT PAYOUT 74171713,645.45,"148,795.45",42146317431
09/10/2026,ACH CREDIT PAYSWIFT PAYOUT 20444833,"1,304.39","148,150.00",42173959210
09/10/2026,ACH CREDIT PAYSWIFT PAYOUT 28286194,"1,422.81","146,845.61",66853083071
09/10/2026,ACH CREDIT PAYSWIFT PAYOUT 16807466,"2,110.49","145,422.80",54244208854
09/10/2026,DEPOSIT 90796,"4,149.33","143,312.31",68151164549
09/10/2026,ACH CREDIT PAYSWIFT PAYOUT 18094118,310.93,"139,162.98",13993107575
09/10/2026,ACH CREDIT PAYSWIFT PAYOUT 59713731,"1,089.97","138,852.05",29019049845
09/10/2026,ACH CREDIT PAYSWIFT PAYOUT 59784690,"1,681.14","137,762.08",50300038605
09/10/2026,ACH CREDIT PAYSWIFT PAYOUT 89759480,"2,307.21","136,080.94",61433275374
09/10/2026,ACH CREDIT PAYSWIFT PAYOUT 37487294,463.40,"133,773.73",78884584844
09/09/2026,ACH DEBIT TRI COUNTY CO2 GAS 721780,-510.75,"133,310.33",73045727374
09/09/2026,POS 4558 CASCADE MALT HOUSE SANTA ROSA,"-1,299.62","133,821.08",18387211002
09/09/2026,CHECK 9205,-404.81,"135,120.70",74111508353
09/09/2026,CHECK 9196,-434.96,"135,525.51",60605710906
09/09/2026,POS 4558 BREWLINE LAB TESTING SANTA ROSA,-85.03,"135,960.47",84516434815
09/09/2026,POS 4558 TRI COUNTY CO2 GAS SANTA ROSA,-77.05,"136,045.50",97012407949
09/09/2026,DEBIT CARD PURCHASE CANWELL PACKAGING,"-1,233.20","136,122.55",70138601569
09/09/2026,CHECK 9170,-380.74,"137,355.75",33333635310
09/09/2026,CHECK 9161,"-2,187.76","137,736.49",19480365603
09/09/2026,ACH DEBIT BREWLINE LAB TESTING 720625,-371.21,"139,924.25",11218715471
09/09/2026,CHECK 9150,-340.44,"140,295.46",37457081694
09/09/2026,ACH DEBIT CLOUDLEDGER SUBSCRIPTION,-113.49,"140,635.90",94689622502
09/09/2026,DEPOSIT 58772,"1,560.18","140,749.39",25963917663
09/09/2026,ACH CREDIT PAYSWIFT PAYOUT 35959572,"2,102.72","139,189.21",30422390022
09/09/2026,ACH CREDIT PAYSWIFT PAYOUT 57616368,"2,497.57","137,086.49",73803704356
09/09/2026,ACH CREDIT PAYSWIFT PAYOUT 23018069,915.37,"134,588.92",38273487347
09/09/2026,ACH CREDIT PAYSWIFT PAYOUT 47178019,899.67,"133,673.55",16390041332
09/09/2026,ACH CREDIT PAYSWIFT PAYOUT 76982546,"1,080.26","132,773.88",32748960895
09/09/2026,ACH CREDIT PAYSWIFT PAYOUT 21402670,"2,486.56","131,693.62",43016251904
09/08/2026,CHECK 9209,-385.66,"129,207.06",92270906325
09/08/2026,DEBIT CARD PURCHASE TRI COUNTY CO2 GAS,-157.36,"129,592.72",12129248989
09/08/2026,DEBIT CARD PURCHASE CASCADE MALT HOUSE,"-1,429.39","129,750.08",50635268278
09/08/2026,POS 4558 TRI COUNTY CO2 GAS SANTA ROSA,-18.78,"131,179.47",87386471393
09/08/2026,POS 4558 CANWELL PACKAGING SANTA ROSA,-439.29,"131,198.25",78855599288
09/08/2026,POS 4558 TRI COUNTY CO2 GAS SANTA ROSA,-45.88,"131,637.54",32489762939
09/08/2026,POS 4558 BREWLINE LAB TESTING SANTA ROSA,-23.72,"131,683.42",36608294810
09/08/2026,POS 4558 BREWLINE LAB TESTING SANTA ROSA,-67.24,"131,707.14",29986979219
09/08/2026,CHECK 9164,-603.84,"131,774.38",31121689308
09/08/2026,POS 4558 CASCADE MALT HOUSE SANTA ROSA,"-1,177.85","132,378.22",32487346298
09/08/2026,CHECK 9147,-255.47,"133,556.07",57906634298
09/08/2026,ACH CREDIT PAYSWIFT PAYOUT 77871757,992.82,"133,811.54",29557780091
09/08/2026,ACH CREDIT PAYSWIFT PAYOUT 68838328,"1,444.65","132,818.72",35552453314
09/08/2026,ACH CREDIT PAYSWIFT PAYOUT 38362300,"2,103.02","131,374.07",26749389412
09/08/2026,ACH CREDIT PAYSWIFT PAYOUT 84258867,"1,100.88","129,271.05",57923724732
09/08/2026,MOBILE DEPOSIT 32248,863.85,"128,170.17",16915220391
09/08/2026,ACH CREDIT TWO RIVERS MARKET 1815,"5,827.39","127,306.32",29069452806
09/08/2026,ACH CREDIT PAYSWIFT PAYOUT 59194792,"1,671.55","121,478.93",30756246660
09/08/2026,DEPOSIT 50396,"1,089.20","119,807.38",90641212331
09/08/2026,ACH CREDIT PAYSWIFT PAYOUT 86530899,"1,572.22","118,718.18",69687049348
09/08/2026,ACH CREDIT PAYSWIFT PAYOUT 55036700,"1,823.26","117,145.96",27982241632
09/08/2026,ACH CREDIT PAYSWIFT PAYOUT 72999423,"2,369.43","115,322.70",55193819080
09/07/2026,POS 4558 HOPYARD GROWERS CO-OP SANTA ROSA,-878.57,"112,953.27",76426923752
09/07/2026,CHECK 9195,-209.67,"113,831.84",81559551411
09/07/2026,DEBIT CARD PURCHASE BREWLINE LAB TESTING,-84.59,"114,041.51",82091103599
09/07/2026,POS 4558 HOPYARD GROWERS CO-OP SANTA ROSA,-534.96,"114,126.10",33763402977
09/07/2026,POS 4558 HOPYARD GROWERS CO-OP SANTA ROSA,-723.04,"114,661.06",70427583375
09/07/2026,DEBIT CARD PURCHASE CANWELL PACKAGING,"-1,337.27","115,384.10",38855183844
09/07/2026,ACH DEBIT TRI COUNTY CO2 GAS 721571,-205.80,"116,721.37",17671809102
09/07/2026,POS 4558 CASCADE MALT HOUSE SANTA ROSA,-679.77,"116,927.17",68662762486
09/07/2026,POS 4558 BREWLINE LAB TESTING SANTA ROSA,-127.99,"117,606.94",73983628784
09/07/2026,CHECK 9188,-562.97,"117,734.93",39091014643
09/07/2026,POS 4558 HOPYARD GROWERS CO-OP SANTA ROSA,"-1,078.02","118,297.90",58877143399
09/07/2026,ACH DEBIT CANWELL PACKAGING 721333,"-3,146.26","119,375.92",58160779721
09/07/2026,ACH DEBIT CANWELL PACKAGING 721294,"-3,364.50","122,522.18",24754368131
09/07/2026,DEBIT CARD PURCHASE HOPYARD GROWERS CO-OP,-779.75,"125,886.68",36541283567
09/07/2026,DEBIT CARD PURCHASE TRI COUNTY CO2 GAS,-146.64,"126,666.43",10930965791
09/07/2026,DEBIT CARD PURCHASE BREWLINE LAB TESTING,-25.88,"126,813.07",56069112980
09/07/2026,ACH DEBIT BREWLINE LAB TESTING 721081,-262.77,"126,838.95",35773241382
09/07/2026,DEBIT CARD PURCHASE CANWELL PACKAGING,-983.98,"127,101.72",99532262637
09/07/2026,POS 4558 CANWELL PACKAGING SANTA ROSA,"-1,186.91","128,085.70",87581068601
09/07/2026,ACH DEBIT CANWELL PACKAGING 721003,"-3,088.73","129,272.61",10123932558
09/07/2026,POS 4558 CANWELL PACKAGING SANTA ROSA,"-1,141.49","132,361.34",35813617284
09/07/2026,ACH DEBIT BREWLINE LAB TESTING 720960,-197.01,"133,502.83",76619447215
09/07/2026,DEBIT CARD PURCHASE CANWELL PACKAGING,"-1,020.44","133,699.84",28044050811
09/07/2026,DEBIT CARD PURCHASE CASCADE MALT HOUSE,-789.93,"134,720.28",89529631967
09/07/2026,POS 4558 BREWLINE LAB TESTING SANTA ROSA,-125.41,"135,510.21",86393157964
09/07/2026,WIRE OUT BREWLINE LAB TESTING REF 270105,-488.42,"135,635.62",91073525055
09/07/2026,CHECK 9166,"-2,198.82","136,124.04",18332982168
09/07/2026,WIRE OUT BREWLINE LAB TESTING REF 316921,-680.29,"138,322.86",19619127255
09/07/2026,WIRE OUT CASCADE MALT HOUSE REF 323917,"-6,443.23","139,003.15",32872454845
09/07/2026,CHECK 9154,"-1,836.55","145,446.38",61237891490
09/07/2026,DEBIT CARD PURCHASE CASCADE MALT HOUSE,"-1,337.29","147,282.93",73146526092
09/07/2026,POS 4558 CASCADE MALT HOUSE SANTA ROSA,-936.20,"148,620.22",33104367363
09/07/2026,ACH DEBIT MERIDIAN PROPERTY MGMT RENT,"-8,331.79","149,556.42",98878275859
09/07/2026,ACH CREDIT PAYSWIFT PAYOUT 28028093,"1,743.94","157,888.21",31499402871
09/07/2026,ACH CREDIT PAYSWIFT PAYOUT 75968236,"1,423.27","156,144.27",48550216052
09/07/2026,ACH CREDIT PAYSWIFT PAYOUT 60488546,"2,247.41","154,721.00",32336280158
09/07/2026,ACH CREDIT PAYSWIFT PAYOUT 83856876,715.48,"152,473.59",97664500943
09/07/2026,ACH CREDIT PAYSWIFT PAYOUT 14850244,"2,390.56","151,758.11",48432575394
09/07/2026,DEPOSIT 68592,"5,039.12","149,367.55",80274404669
09/07/2026,ACH CREDIT PAYSWIFT PAYOUT 32402545,"1,052.83","144,328.43",51492595632
09/07/2026,ACH CREDIT PAYSWIFT PAYOUT 26353566,665.62,"143,275.60",76147873090
09/07/2026,ACH CREDIT PAYSWIFT PAYOUT 65572394,"1,315.46","142,609.98",58426441813
09/07/2026,ACH CREDIT PAYSWIFT PAYOUT 69552162,"2,581.45","141,294.52",35865492174
09/07/2026,ACH CREDIT PAYSWIFT PAYOUT 17619149,"1,989.96","138,713.07",67661378532
09/07/2026,ACH CREDIT PAYSWIFT PAYOUT 45838852,"1,456.80","136,723.11",84570776703
09/07/2026,ACH CREDIT PAYSWIFT PAYOUT 81422901,"1,389.90","135,266.31",66739378088
09/07/2026,ACH CREDIT PAYSWIFT PAYOUT 13376869,955.33,"133,876.41",33479592118
09/07/2026,ACH CREDIT PAYSWIFT PAYOUT 13695078,"1,133.17","132,921.08",39820941927
09/07/2026,MOBILE DEPOSIT 74223,168.60,"131,787.91",89338544714
09/07/2026,ACH CREDIT PAYSWIFT PAYOUT 70328385,"1,289.33","131,619.31",75517449087
09/07/2026,ACH CREDIT PAYSWIFT PAYOUT 34999080,804.87,"130,329.98",32237714432
09/07/2026,ACH CREDIT PAYSWIFT PAYOUT 78326405,"1,107.05","129,525.11",54131928442
09/07/2026,ACH CREDIT PAYSWIFT PAYOUT 45485381,741.76,"128,418.06",29818935386
09/07/2026,ACH CREDIT PAYSWIFT PAYOUT 93258320,"1,917.73","127,676.30",28919320601
09/07/2026,ACH CREDIT TWO RIVERS MARKET 4958,"5,272.44","125,758.57",15640792783
09/07/2026,BRANCH DEPOSIT 48129,"2,269.25","120,486.13",54117652696
09/07/2026,ACH CREDIT PAYSWIFT PAYOUT 77036199,729.12,"118,216.88",27766066092
09/07/2026,ACH CREDIT PAYSWIFT PAYOUT 76406867,"2,113.56","117,487.76",42766245565
09/07/2026,ACH CREDIT PAYSWIFT PAYOUT 55316952,754.86,"115,374.20",99868517969
09/07/2026,ACH CREDIT PAYSWIFT PAYOUT 33361255,609.86,"114,619.34",68953658160
09/07/2026,ACH CREDIT PAYSWIFT PAYOUT 18635555,"2,382.88","114,009.48",41204053764
09/07/2026,ACH CREDIT PAYSWIFT PAYOUT 85948813,894.56,"111,626.60",85842643005
09/07/2026,ACH CREDIT PAYSWIFT PAYOUT 85061971,"1,698.74","110,732.04",23844785546
09/07/2026,ACH CREDIT PAYSWIFT PAYOUT 10079730,"1,808.59","109,033.30",36644272556
09/07/2026,ACH CREDIT COASTSIDE REALTY 3488,"1,469.22","107,224.71",99581486927
09/04/2026,ACH DEBIT BREWLINE LAB TESTING 721658,-299.97,"105,755.49",22493057075
09/04/2026,WIRE OUT CANWELL PACKAGING REF 538274,"-7,981.26","106,055.46",23638893535
09/04/2026,ACH DEBIT TRI COUNTY CO2 GAS 720761,-198.10,"114,036.72",40633915742
09/04/2026,POS 4558 CASCADE MALT HOUSE SANTA ROSA,"-1,527.99","114,234.82",50222866744
09/04/2026,ACH DEBIT TRI COUNTY CO2 GAS 720415,-282.21,"115,762.81",17035705371
09/04/2026,ACH CREDIT PAYSWIFT PAYOUT 65400528,819.29,"116,045.02",64149660140
09/04/2026,ACH CREDIT PAYSWIFT PAYOUT 69425365,"2,171.78","115,225.73",48965722847
09/04/2026,ACH CREDIT PAYSWIFT PAYOUT 59757621,904.69,"113,053.95",86338949677
09/04/2026,ACH CREDIT PAYSWIFT PAYOUT 66539767,719.05,"112,149.26",62941441136
09/04/2026,ACH CREDIT PAYSWIFT PAYOUT 63221259,"1,621.96","111,430.21",17867569742
09/04/2026,ACH CREDIT PAYSWIFT PAYOUT 43362931,"2,538.42","109,808.25",33252122663
09/04/2026,ACH CREDIT COASTSIDE REALTY 4769,"5,798.73","107,269.83",57497032375
09/04/2026,ACH CREDIT PAYSWIFT PAYOUT 15538352,"2,354.89","101,471.10",64770307083
09/04/2026,BRANCH DEPOSIT 64609,"5,534.05","99,116.21",10333782315
09/04/2026,ACH CREDIT PAYSWIFT PAYOUT 17210545,"1,539.51","93,582.16",24488454578
09/04/2026,ACH CREDIT PAYSWIFT PAYOUT 64433223,"1,196.55","92,042.65",47467406048
09/04/2026,ACH CREDIT PAYSWIFT PAYOUT 96340602,"1,851.55","90,846.10",53305084117
09/04/2026,ACH CREDIT PAYSWIFT PAYOUT 83795027,804.02,"88,994.55",85716324658
09/03/2026,WIRE OUT CANWELL PACKAGING REF 260340,"-4,947.03","88,190.53",58534217677
09/03/2026,POS 4558 CANWELL PACKAGING SANTA ROSA,"-1,334.28","93,137.56",60125234012
09/03/2026,POS 4558 CASCADE MALT HOUSE SANTA ROSA,-75.58,"94,471.84",66829187136
09/03/2026,ACH DEBIT CANWELL PACKAGING 720803,"-3,734.44","94,547.42",74972142599
09/03/2026,DEBIT CARD PURCHASE TRI COUNTY CO2 GAS,-169.32,"98,281.86",45785916568
09/03/2026,POS 4558 CASCADE MALT HOUSE SANTA ROSA,-960.38,"98,451.18",99688028106
09/03/2026,ACH DEBIT BAYSHORE MUTUAL INS PREM,-435.36,"99,411.56",56794814437
09/03/2026,ACH CREDIT PAYSWIFT PAYOUT 21899769,"2,460.96","99,846.92",53765391082
09/03/2026,ACH CREDIT PAYSWIFT PAYOUT 23000505,"1,559.79","97,385.96",55461503570
09/03/2026,ACH CREDIT PAYSWIFT PAYOUT 86181576,"1,025.09","95,826.17",58246008117
09/03/2026,ACH CREDIT PAYSWIFT PAYOUT 35736900,"1,829.73","94,801.08",86067844845
09/03/2026,ACH CREDIT PAYSWIFT PAYOUT 62315829,"1,471.01","92,971.35",42565266743
09/03/2026,ACH CREDIT PAYSWIFT PAYOUT 92176588,966.81,"91,500.34",16714761567
09/03/2026,ACH CREDIT PAYSWIFT PAYOUT 91829636,971.99,"90,533.53",13734119798
09/03/2026,ACH CREDIT PAYSWIFT PAYOUT 42811262,"1,182.77","89,561.54",26209967621
09/03/2026,DEPOSIT 39822,"1,750.03","88,378.77",43555731506
09/03/2026,ACH CREDIT PAYSWIFT PAYOUT 41937730,"1,735.97","86,628.74",71323061004
09/02/2026,ACH DEBIT TRI COUNTY CO2 GAS 721399,-199.03,"84,892.77",63357624460
09/02/2026,ACH DEBIT CANWELL PACKAGING 721240,"-3,598.52","85,091.80",19917520904
09/02/2026,DEBIT CARD PURCHASE TRI COUNTY CO2 GAS,-151.35,"88,690.32",34974421812
09/02/2026,WIRE OUT BREWLINE LAB TESTING REF 437144,-751.31,"88,841.67",63081285493
09/02/2026,DEBIT CARD PURCHASE HOPYARD GROWERS CO-OP,-919.11,"89,592.98",94250078442
09/02/2026,WIRE OUT BREWLINE LAB TESTING REF 651220,-838.05,"90,512.09",92660871708
09/02/2026,ACH DEBIT CANWELL PACKAGING 720787,"-2,983.81","91,350.14",84150449616
09/02/2026,POS 4558 HOPYARD GROWERS CO-OP SANTA ROSA,-666.23,"94,333.95",53253381627
09/02/2026,POS 4558 HOPYARD GROWERS CO-OP SANTA ROSA,"-1,232.81","95,000.18",73679517450
09/02/2026,DEBIT CARD PURCHASE CANWELL PACKAGING,"-1,099.44","96,232.99",25453690537
09/02/2026,ACH DEBIT HOPYARD GROWERS CO-OP 720618,"-2,887.83","97,332.43",10540646232
09/02/2026,ACH DEBIT HOPYARD GROWERS CO-OP 720487,"-3,102.27","100,220.26",61192809374
09/02/2026,ACH CREDIT PAYSWIFT PAYOUT 25480049,513.54,"103,322.53",14128875574
09/02/2026,ACH CREDIT PAYSWIFT PAYOUT 76753758,"1,447.25","102,808.99",18354559500
09/02/2026,ACH CREDIT TWO RIVERS MARKET 3102,"2,220.14","101,361.74",75379849841
09/02/2026,ACH CREDIT PAYSWIFT PAYOUT 42004619,"1,139.94","99,141.60",70432294283
09/02/2026,ACH CREDIT LINDQVIST FAMILY TRUST 1458,"1,412.54","98,001.66",10735540894
09/02/2026,ACH CREDIT PAYSWIFT PAYOUT 55318405,"1,693.77","96,589.12",12200065416
09/02/2026,ACH CREDIT PAYSWIFT PAYOUT 43093542,"1,752.14","94,895.35",74278376995
09/02/2026,ACH CREDIT PAYSWIFT PAYOUT 25895996,725.33,"93,143.21",14619926551
09/02/2026,ACH CREDIT PAYSWIFT PAYOUT 18913743,"2,479.64","92,417.88",93498536292
09/01/2026,WIRE OUT TRI COUNTY CO2 GAS REF 929190,-922.39,"89,938.24",26589363051
09/01/2026,ACH DEBIT HOPYARD GROWERS CO-OP 721629,"-1,660.09","90,860.63",37015472555
09/01/2026,DEBIT CARD PURCHASE CASCADE MALT HOUSE,-219.73,"92,520.72",62271584157
09/01/2026,WIRE OUT CASCADE MALT HOUSE REF 453057,"-6,805.46","92,740.45",28835202659
09/01/2026,POS 4558 HOPYARD GROWERS CO-OP SANTA ROSA,-338.49,"99,545.91",80274935389
09/01/2026,DEBIT CARD PURCHASE TRI COUNTY CO2 GAS,-108.52,"99,884.40",31097627083
09/01/2026,ACH DEBIT BREWLINE LAB TESTING 720880,-352.59,"99,992.92",95893703828
09/01/2026,POS 4558 CANWELL PACKAGING SANTA ROSA,-757.17,"100,345.51",55910341694
09/01/2026,CHECK 9148,"-3,656.98","101,102.68",60868246935
09/01/2026,DEPOSIT 87260,"2,312.40","104,759.66",83364107440
