Posting Date,Description,Amount,Balance,Check or Slip #
09/01/2026,DEPOSIT 29160,5356.25,28337.59,
09/01/2026,CHECK 2048,-991.52,27346.07,2048
09/01/2026,WIRE OUT SWEETBAY SUGAR SUPPLY REF 212337,-832.57,26513.50,
09/02/2026,ACH CREDIT HILLTOP UNIFIED PTA 5883,447.50,26961.00,
09/02/2026,ACH CREDIT PAYSWIFT PAYOUT 82939123,364.25,27325.25,
09/02/2026,ACH CREDIT PAYSWIFT PAYOUT 63091206,1057.68,28382.93,
09/02/2026,ACH CREDIT PAYSWIFT PAYOUT 44218177,576.82,28959.75,
09/02/2026,DEBIT CARD PURCHASE SUMMIT PAPER GOODS,-133.34,28826.41,
09/02/2026,WIRE OUT PACIFIC CREST DAIRY REF 145482,-1890.98,26935.43,
09/03/2026,ACH CREDIT PAYSWIFT PAYOUT 27378870,444.66,27380.09,
09/03/2026,ACH CREDIT PAYSWIFT PAYOUT 23785294,993.62,28373.71,
09/03/2026,BRANCH DEPOSIT 35988,1636.65,30010.36,
09/03/2026,BRANCH DEPOSIT 96946,1458.95,31469.31,
09/03/2026,ACH CREDIT PAYSWIFT PAYOUT 96019583,605.35,32074.66,
09/03/2026,CHECK 2049,-79.75,31994.91,2049
09/03/2026,DEBIT CARD PURCHASE GOLDEN MILL FLOUR,-215.27,31779.64,
09/03/2026,POS 3367 GOLDEN MILL FLOUR BERKELEY,-329.35,31450.29,
09/03/2026,WIRE OUT GOLDEN MILL FLOUR REF 244952,-1775.93,29674.36,
09/03/2026,DEBIT CARD PURCHASE PACIFIC CREST DAIRY,-79.33,29595.03,
09/03/2026,CHECK 2064,-1067.59,28527.44,2064
09/03/2026,DEBIT CARD PURCHASE GOLDEN MILL FLOUR,-80.28,28447.16,
09/03/2026,ACH DEBIT SUMMIT PAPER GOODS 152696,-367.43,28079.73,
09/03/2026,POS 3367 GOLDEN MILL FLOUR BERKELEY,-142.44,27937.29,
09/03/2026,DEBIT CARD PURCHASE SWEETBAY SUGAR SUPPLY,-57.54,27879.75,
09/03/2026,DEBIT CARD PURCHASE SWEETBAY SUGAR SUPPLY,-72.36,27807.39,
09/04/2026,ACH CREDIT PAYSWIFT PAYOUT 80243993,971.25,28778.64,
09/04/2026,ACH CREDIT PAYSWIFT PAYOUT 51080752,87.06,28865.70,
09/04/2026,ACH CREDIT PAYSWIFT PAYOUT 94041355,588.00,29453.70,
09/04/2026,BRANCH DEPOSIT 74229,1826.48,31280.18,
09/04/2026,MOBILE DEPOSIT 66815,2231.36,33511.54,
09/04/2026,ACH CREDIT PAYSWIFT PAYOUT 72141999,120.59,33632.13,
09/04/2026,ACH CREDIT PAYSWIFT PAYOUT 49944943,384.27,34016.40,
09/04/2026,ACH CREDIT HILLTOP UNIFIED PTA 6496,1511.11,35527.51,
09/04/2026,ACH CREDIT PAYSWIFT PAYOUT 74459456,515.22,36042.73,
09/04/2026,ACH DEBIT BAYSHORE MUTUAL INS PREM,-1088.27,34954.46,
09/04/2026,WIRE OUT SWEETBAY SUGAR SUPPLY REF 546416,-755.86,34198.60,
09/04/2026,POS 3367 SWEETBAY SUGAR SUPPLY BERKELEY,-158.82,34039.78,
09/04/2026,POS 3367 SUMMIT PAPER GOODS BERKELEY,-105.32,33934.46,
09/04/2026,ACH DEBIT SUMMIT PAPER GOODS 152569,-424.04,33510.42,
09/04/2026,POS 3367 GOLDEN MILL FLOUR BERKELEY,-129.70,33380.72,
09/04/2026,WIRE OUT SWEETBAY SUGAR SUPPLY REF 416742,-1031.12,32349.60,
09/04/2026,ACH DEBIT SUMMIT PAPER GOODS 152767,-364.72,31984.88,
09/04/2026,ACH DEBIT GOLDEN MILL FLOUR 152968,-346.83,31638.05,
09/04/2026,DEBIT CARD PURCHASE PACIFIC CREST DAIRY,-349.96,31288.09,
09/04/2026,ACH DEBIT PACIFIC CREST DAIRY 153076,-959.69,30328.40,
09/07/2026,ACH CREDIT PAYSWIFT PAYOUT 86168621,1059.37,31387.77,
09/07/2026,ACH CREDIT PAYSWIFT PAYOUT 83414963,994.47,32382.24,
09/07/2026,ACH CREDIT PAYSWIFT PAYOUT 54924779,413.24,32795.48,
09/07/2026,ACH CREDIT PAYSWIFT PAYOUT 32231828,858.17,33653.65,
09/07/2026,ACH CREDIT PAYSWIFT PAYOUT 66148282,940.94,34594.59,
09/07/2026,MOBILE DEPOSIT 21739,2256.79,36851.38,
09/07/2026,ACH CREDIT PAYSWIFT PAYOUT 26783112,863.49,37714.87,
09/07/2026,ACH CREDIT PAYSWIFT PAYOUT 91102977,438.68,38153.55,
09/07/2026,DEPOSIT 11462,374.92,38528.47,
09/07/2026,ACH CREDIT PAYSWIFT PAYOUT 17078077,953.91,39482.38,
09/07/2026,ACH CREDIT PAYSWIFT PAYOUT 56802067,722.90,40205.28,
09/07/2026,ACH CREDIT PAYSWIFT PAYOUT 27302544,425.20,40630.48,
09/07/2026,ACH CREDIT PAYSWIFT PAYOUT 59658865,335.43,40965.91,
09/07/2026,ACH CREDIT PAYSWIFT PAYOUT 83933112,501.54,41467.45,
09/07/2026,ACH CREDIT PAYSWIFT PAYOUT 88640031,465.28,41932.73,
09/07/2026,ACH CREDIT PAYSWIFT PAYOUT 72178058,806.37,42739.10,
09/07/2026,BRANCH DEPOSIT 98460,1629.56,44368.66,
09/07/2026,ACH CREDIT PAYSWIFT PAYOUT 36251659,803.64,45172.30,
09/07/2026,DEPOSIT 80057,414.47,45586.77,
09/07/2026,ACH CREDIT PAYSWIFT PAYOUT 45420826,351.08,45937.85,
09/07/2026,ACH CREDIT PAYSWIFT PAYOUT 56697572,901.26,46839.11,
09/07/2026,MOBILE DEPOSIT 11716,600.83,47439.94,
09/07/2026,ACH CREDIT PAYSWIFT PAYOUT 54216332,910.25,48350.19,
09/07/2026,CHECK 2047,-390.52,47959.67,2047
09/07/2026,ACH DEBIT MERIDIAN PROPERTY MGMT RENT,-7828.93,40130.74,
09/07/2026,ACH DEBIT PACIFIC CREST DAIRY 152141,-283.80,39846.94,
09/07/2026,POS 3367 SWEETBAY SUGAR SUPPLY BERKELEY,-101.21,39745.73,
09/07/2026,CHECK 2057,-838.10,38907.63,2057
09/07/2026,POS 3367 GOLDEN MILL FLOUR BERKELEY,-329.22,38578.41,
09/07/2026,DEBIT CARD PURCHASE SWEETBAY SUGAR SUPPLY,-71.03,38507.38,
09/07/2026,CHECK 2070,-304.43,38202.95,2070
09/07/2026,CHECK 2071,-641.97,37560.98,2071
09/07/2026,CHECK 2075,-181.24,37379.74,2075
09/07/2026,DEBIT CARD PURCHASE PACIFIC CREST DAIRY,-93.18,37286.56,
09/07/2026,CHECK 2076,-233.20,37053.36,2076
09/07/2026,DEBIT CARD PURCHASE SUMMIT PAPER GOODS,-104.14,36949.22,
09/07/2026,CHECK 2080,-128.01,36821.21,2080
09/07/2026,POS 3367 GOLDEN MILL FLOUR BERKELEY,-363.70,36457.51,
09/07/2026,WIRE OUT SUMMIT PAPER GOODS REF 437643,-949.63,35507.88,
09/07/2026,POS 3367 GOLDEN MILL FLOUR BERKELEY,-445.70,35062.18,
09/07/2026,POS 3367 SUMMIT PAPER GOODS BERKELEY,-59.05,35003.13,
09/07/2026,ACH DEBIT SWEETBAY SUGAR SUPPLY 152937,-72.04,34931.09,
09/07/2026,CHECK 2083,-407.50,34523.59,2083
09/07/2026,ACH DEBIT GOLDEN MILL FLOUR 153062,-201.82,34321.77,
09/07/2026,CHECK 2084,-158.24,34163.53,2084
09/07/2026,POS 3367 PACIFIC CREST DAIRY BERKELEY,-284.82,33878.71,
09/07/2026,WIRE OUT SWEETBAY SUGAR SUPPLY REF 887311,-766.81,33111.90,
09/07/2026,WIRE OUT PACIFIC CREST DAIRY REF 877952,-1188.90,31923.00,
09/08/2026,ACH CREDIT PAYSWIFT PAYOUT 98250149,618.27,32541.27,
09/08/2026,ACH CREDIT PAYSWIFT PAYOUT 90869244,467.05,33008.32,
09/08/2026,MOBILE DEPOSIT 97351,2204.03,35212.35,
09/08/2026,ACH CREDIT PAYSWIFT PAYOUT 99862689,311.86,35524.21,
09/08/2026,ACH CREDIT PAYSWIFT PAYOUT 13886630,240.26,35764.47,
09/08/2026,ACH CREDIT PAYSWIFT PAYOUT 45830931,752.08,36516.55,
09/08/2026,ACH CREDIT PAYSWIFT PAYOUT 30321977,460.05,36976.60,
09/08/2026,ACH CREDIT PAYSWIFT PAYOUT 39066582,259.89,37236.49,
09/08/2026,ACH CREDIT PAYSWIFT PAYOUT 53437302,102.11,37338.60,
09/08/2026,ACH CREDIT JUNIPER TECH LABS 7331,2249.27,39587.87,
09/08/2026,POS 3367 SWEETBAY SUGAR SUPPLY BERKELEY,-142.67,39445.20,
09/08/2026,CHECK 2053,-411.96,39033.24,2053
09/08/2026,ACH DEBIT SWEETBAY SUGAR SUPPLY 152337,-67.82,38965.42,
09/08/2026,DEBIT CARD PURCHASE GOLDEN MILL FLOUR,-281.60,38683.82,
09/08/2026,POS 3367 SWEETBAY SUGAR SUPPLY BERKELEY,-40.24,38643.58,
09/08/2026,CHECK 2085,-414.00,38229.58,2085
09/08/2026,DEBIT CARD PURCHASE SUMMIT PAPER GOODS,-50.23,38179.35,
09/08/2026,ACH DEBIT PACIFIC CREST DAIRY 153092,-621.95,37557.40,
09/08/2026,ACH DEBIT GOLDEN MILL FLOUR 153126,-520.11,37037.29,
09/09/2026,ACH CREDIT PAYSWIFT PAYOUT 11888881,181.18,37218.47,
09/09/2026,ACH CREDIT PAYSWIFT PAYOUT 63491328,336.44,37554.91,
09/09/2026,ACH CREDIT PAYSWIFT PAYOUT 53348807,109.81,37664.72,
09/09/2026,ACH CREDIT PAYSWIFT PAYOUT 33237870,1036.55,38701.27,
09/09/2026,ACH CREDIT PAYSWIFT PAYOUT 39797065,319.41,39020.68,
09/09/2026,ACH CREDIT PAYSWIFT PAYOUT 75014583,110.64,39131.32,
09/09/2026,ACH DEBIT CLOUDLEDGER SUBSCRIPTION,-151.34,38979.98,
09/09/2026,ACH DEBIT SUMMIT PAPER GOODS 152074,-256.20,38723.78,
09/09/2026,CHECK 2052,-104.86,38618.92,2052
09/09/2026,DEBIT CARD PURCHASE SUMMIT PAPER GOODS,-31.99,38586.93,
09/09/2026,DEBIT CARD PURCHASE SUMMIT PAPER GOODS,-123.55,38463.38,
09/09/2026,WIRE OUT PACIFIC CREST DAIRY REF 711800,-1940.98,36522.40,
09/09/2026,POS 3367 SWEETBAY SUGAR SUPPLY BERKELEY,-136.19,36386.21,
09/09/2026,POS 3367 GOLDEN MILL FLOUR BERKELEY,-242.02,36144.19,
09/10/2026,ACH CREDIT PAYSWIFT PAYOUT 75232228,212.58,36356.77,
09/10/2026,ACH CREDIT FAIRWAY SENIOR LIVING 1577,2468.32,38825.09,
09/10/2026,ACH CREDIT PAYSWIFT PAYOUT 76716572,997.88,39822.97,
09/10/2026,ACH CREDIT PAYSWIFT PAYOUT 78033715,512.04,40335.01,
09/10/2026,ACH CREDIT PAYSWIFT PAYOUT 22138656,861.85,41196.86,
09/10/2026,ACH CREDIT PAYSWIFT PAYOUT 41194860,568.93,41765.79,
09/10/2026,DEPOSIT 79985,2713.72,44479.51,
09/10/2026,POS 3367 PACIFIC CREST DAIRY BERKELEY,-128.77,44350.74,
09/10/2026,CHECK 2051,-264.09,44086.65,2051
09/10/2026,POS 3367 SUMMIT PAPER GOODS BERKELEY,-161.54,43925.11,
09/10/2026,DEBIT CARD PURCHASE SWEETBAY SUGAR SUPPLY,-81.02,43844.09,
09/10/2026,ACH DEBIT SUMMIT PAPER GOODS 152904,-387.48,43456.61,
09/10/2026,DEBIT CARD PURCHASE SUMMIT PAPER GOODS,-112.80,43343.81,
09/10/2026,WIRE OUT SUMMIT PAPER GOODS REF 570790,-836.18,42507.63,
09/11/2026,ACH CREDIT PAYSWIFT PAYOUT 86628885,153.09,42660.72,
09/11/2026,ACH CREDIT PAYSWIFT PAYOUT 20023184,522.12,43182.84,
09/11/2026,ACH CREDIT PAYSWIFT PAYOUT 84531810,775.67,43958.51,
09/11/2026,ACH CREDIT PAYSWIFT PAYOUT 88043923,159.81,44118.32,
09/11/2026,ACH CREDIT PAYSWIFT PAYOUT 89112182,265.63,44383.95,
09/11/2026,ACH CREDIT PAYSWIFT PAYOUT 53753726,932.37,45316.32,
09/11/2026,ACH CREDIT PAYSWIFT PAYOUT 45395546,826.97,46143.29,
09/11/2026,ACH CREDIT PAYSWIFT PAYOUT 48265596,1023.29,47166.58,
09/11/2026,ACH CREDIT PAYSWIFT PAYOUT 75753372,429.54,47596.12,
09/11/2026,ACH CREDIT PAYSWIFT PAYOUT 56142451,648.82,48244.94,
09/11/2026,ACH CREDIT PAYSWIFT PAYOUT 87511909,946.84,49191.78,
09/11/2026,ACH CREDIT PAYSWIFT PAYOUT 26623924,237.65,49429.43,
09/11/2026,BRANCH DEPOSIT 95341,240.57,49670.00,
09/11/2026,ACH CREDIT PAYSWIFT PAYOUT 63220568,506.60,50176.60,
09/11/2026,DEBIT CARD PURCHASE GOLDEN MILL FLOUR,-109.02,50067.58,
09/11/2026,POS 3367 SUMMIT PAPER GOODS BERKELEY,-93.72,49973.86,
09/11/2026,CHECK 2082,-991.23,48982.63,2082
09/11/2026,ACH DEBIT GOLDEN MILL FLOUR 152830,-885.88,48096.75,
09/11/2026,POS 3367 SWEETBAY SUGAR SUPPLY BERKELEY,-30.08,48066.67,
09/14/2026,ACH CREDIT PAYSWIFT PAYOUT 51304176,1044.70,49111.37,
09/14/2026,ACH CREDIT PAYSWIFT PAYOUT 80866814,966.82,50078.19,
09/14/2026,ACH CREDIT PAYSWIFT PAYOUT 65918927,374.41,50452.60,
09/14/2026,ACH CREDIT PAYSWIFT PAYOUT 67791370,584.11,51036.71,
09/14/2026,ACH CREDIT PAYSWIFT PAYOUT 70952544,391.03,51427.74,
09/14/2026,ACH CREDIT PAYSWIFT PAYOUT 61055583,875.00,52302.74,
09/14/2026,ACH CREDIT PAYSWIFT PAYOUT 17917244,783.02,53085.76,
09/14/2026,ACH CREDIT PAYSWIFT PAYOUT 37153625,192.14,53277.90,
09/14/2026,ACH CREDIT PAYSWIFT PAYOUT 45235885,683.99,53961.89,
09/14/2026,ACH CREDIT PAYSWIFT PAYOUT 61710377,577.44,54539.33,
09/14/2026,ACH CREDIT PAYSWIFT PAYOUT 93625835,416.55,54955.88,
09/14/2026,ACH CREDIT PAYSWIFT PAYOUT 31378889,246.74,55202.62,
09/14/2026,ACH CREDIT PAYSWIFT PAYOUT 35034992,580.85,55783.47,
09/14/2026,BRANCH DEPOSIT 52259,2389.51,58172.98,
09/14/2026,ACH CREDIT TWO RIVERS MARKET 5385,811.09,58984.07,
09/14/2026,ACH CREDIT PAYSWIFT PAYOUT 57234360,94.05,59078.12,
09/14/2026,ACH CREDIT PAYSWIFT PAYOUT 10766743,754.30,59832.42,
09/14/2026,WIRE OUT PACIFIC CREST DAIRY REF 446541,-1854.64,57977.78,
09/14/2026,ACH DEBIT SUMMIT PAPER GOODS 152046,-303.67,57674.11,
09/14/2026,WIRE OUT SWEETBAY SUGAR SUPPLY REF 855088,-735.91,56938.20,
09/14/2026,ACH DEBIT SUMMIT PAPER GOODS 152172,-130.30,56807.90,
09/14/2026,POS 3367 PACIFIC CREST DAIRY BERKELEY,-275.59,56532.31,
09/14/2026,POS 3367 GOLDEN MILL FLOUR BERKELEY,-226.74,56305.57,
09/14/2026,ACH DEBIT PACIFIC CREST DAIRY 152315,-1084.30,55221.27,
09/14/2026,POS 3367 PACIFIC CREST DAIRY BERKELEY,-152.11,55069.16,
09/14/2026,WIRE OUT PACIFIC CREST DAIRY REF 377298,-1291.11,53778.05,
09/14/2026,CHECK 2065,-140.24,53637.81,2065
09/14/2026,POS 3367 SWEETBAY SUGAR SUPPLY BERKELEY,-98.18,53539.63,
09/14/2026,WIRE OUT PACIFIC CREST DAIRY REF 504597,-1401.48,52138.15,
09/14/2026,ACH DEBIT GOLDEN MILL FLOUR 152429,-448.36,51689.79,
09/14/2026,ACH DEBIT SWEETBAY SUGAR SUPPLY 152494,-67.96,51621.83,
09/14/2026,ACH DEBIT SUMMIT PAPER GOODS 152522,-199.84,51421.99,
09/14/2026,POS 3367 SWEETBAY SUGAR SUPPLY BERKELEY,-60.71,51361.28,
09/14/2026,DEBIT CARD PURCHASE SUMMIT PAPER GOODS,-165.23,51196.05,
09/14/2026,WIRE OUT GOLDEN MILL FLOUR REF 260460,-2800.67,48395.38,
09/14/2026,WIRE OUT PACIFIC CREST DAIRY REF 209693,-1974.27,46421.11,
09/14/2026,DEBIT CARD PURCHASE SWEETBAY SUGAR SUPPLY,-108.08,46313.03,
09/14/2026,WIRE OUT GOLDEN MILL FLOUR REF 443492,-2744.14,43568.89,
09/14/2026,CHECK 2078,-695.44,42873.45,2078
09/14/2026,ACH DEBIT SUMMIT PAPER GOODS 152603,-420.48,42452.97,
09/14/2026,ACH DEBIT GOLDEN MILL FLOUR 152662,-1530.18,40922.79,
09/14/2026,WIRE OUT PACIFIC CREST DAIRY REF 707077,-1704.35,39218.44,
09/14/2026,DEBIT CARD PURCHASE SUMMIT PAPER GOODS,-84.33,39134.11,
09/14/2026,ACH DEBIT SWEETBAY SUGAR SUPPLY 153023,-329.11,38805.00,
09/14/2026,ACH DEBIT GOLDEN MILL FLOUR 153031,-614.01,38190.99,
09/14/2026,WIRE OUT GOLDEN MILL FLOUR REF 849939,-3315.59,34875.40,
09/14/2026,DEBIT CARD PURCHASE PACIFIC CREST DAIRY,-106.75,34768.65,
09/14/2026,RETURNED ITEM NSF CHK 8875,-2713.72,32054.93,
09/15/2026,ACH CREDIT PAYSWIFT PAYOUT 48647638,689.37,32744.30,
09/15/2026,ACH DEBIT COASTLINE POWER AND WATER,-1572.49,31171.81,
09/15/2026,ACH DEBIT LEDGERLY PAYROLL PPD,-6154.60,25017.21,
09/15/2026,CHECK 2061,-414.83,24602.38,2061
09/15/2026,DEBIT CARD PURCHASE SWEETBAY SUGAR SUPPLY,-133.16,24469.22,
09/15/2026,CHECK 2063,-942.29,23526.93,2063
09/15/2026,WIRE OUT SWEETBAY SUGAR SUPPLY REF 481144,-798.85,22728.08,
09/15/2026,CHECK 2073,-311.97,22416.11,2073
09/15/2026,POS 3367 SUMMIT PAPER GOODS BERKELEY,-96.47,22319.64,
09/15/2026,CHECK 2077,-662.78,21656.86,2077
09/15/2026,WIRE OUT PACIFIC CREST DAIRY REF 560505,-2068.40,19588.46,
09/15/2026,CHECK 2081,-501.52,19086.94,2081
09/15/2026,ACH DEBIT GOLDEN MILL FLOUR 152875,-579.77,18507.17,
09/15/2026,WIRE OUT GOLDEN MILL FLOUR REF 210490,-2523.26,15983.91,
09/16/2026,ACH CREDIT PAYSWIFT PAYOUT 54568788,658.72,16642.63,
09/16/2026,ACH CREDIT PAYSWIFT PAYOUT 66454623,157.38,16800.01,
09/16/2026,ACH CREDIT PAYSWIFT PAYOUT 89552251,882.81,17682.82,
09/16/2026,ACH CREDIT PAYSWIFT PAYOUT 97972318,655.42,18338.24,
09/16/2026,ACH CREDIT PAYSWIFT PAYOUT 26809163,603.20,18941.44,
09/16/2026,ACH CREDIT PAYSWIFT PAYOUT 48857301,155.22,19096.66,
09/16/2026,ACH CREDIT PAYSWIFT PAYOUT 42920939,452.62,19549.28,
09/16/2026,ACH CREDIT PAYSWIFT PAYOUT 80219843,620.40,20169.68,
09/16/2026,ACH CREDIT PAYSWIFT PAYOUT 54630366,432.78,20602.46,
09/16/2026,ACH CREDIT PAYSWIFT PAYOUT 94515774,316.05,20918.51,
09/16/2026,DEPOSIT 62593,452.79,21371.30,
09/16/2026,POS 3367 PACIFIC CREST DAIRY BERKELEY,-42.80,21328.50,
09/16/2026,ACH DEBIT GOLDEN MILL FLOUR 152396,-400.40,20928.10,
09/16/2026,CHECK 2068,-121.55,20806.55,2068
09/16/2026,POS 3367 SUMMIT PAPER GOODS BERKELEY,-124.32,20682.23,
09/16/2026,CHECK 2074,-197.72,20484.51,2074
09/16/2026,ACH DEBIT GOLDEN MILL FLOUR 152578,-660.08,19824.43,
09/16/2026,ACH DEBIT PACIFIC CREST DAIRY 152586,-274.52,19549.91,
09/16/2026,ACH DEBIT GOLDEN MILL FLOUR 152836,-1026.32,18523.59,
09/16/2026,WIRE OUT SWEETBAY SUGAR SUPPLY REF 121003,-491.68,18031.91,
09/16/2026,WIRE OUT SUMMIT PAPER GOODS REF 522689,-882.30,17149.61,
09/16/2026,WIRE OUT SUMMIT PAPER GOODS REF 969392,-798.16,16351.45,
09/16/2026,CHECK 2086,-470.11,15881.34,2086
09/16/2026,POS 3367 SWEETBAY SUGAR SUPPLY BERKELEY,-111.77,15769.57,
09/17/2026,MOBILE DEPOSIT 44899,1802.83,17572.40,
09/17/2026,ACH CREDIT PAYSWIFT PAYOUT 42226691,771.88,18344.28,
09/17/2026,ACH CREDIT PAYSWIFT PAYOUT 13823533,166.62,18510.90,
09/17/2026,ACH CREDIT RIVERA CATERING 6628,2187.30,20698.20,
09/17/2026,ACH CREDIT PAYSWIFT PAYOUT 60459021,114.31,20812.51,
09/17/2026,DEBIT CARD PURCHASE SWEETBAY SUGAR SUPPLY,-57.46,20755.05,
09/17/2026,POS 3367 SUMMIT PAPER GOODS BERKELEY,-85.61,20669.44,
09/17/2026,DEBIT CARD PURCHASE PACIFIC CREST DAIRY,-217.21,20452.23,
09/17/2026,CHECK 2058,-431.68,20020.55,2058
09/17/2026,CHECK 2059,-434.69,19585.86,2059
09/17/2026,CHECK 2062,-378.79,19207.07,2062
09/17/2026,CHECK 2072,-215.66,18991.41,2072
09/17/2026,ACH DEBIT PACIFIC CREST DAIRY 152630,-777.54,18213.87,
09/17/2026,ACH DEBIT SUMMIT PAPER GOODS 152918,-504.06,17709.81,
09/18/2026,ACH CREDIT FAIRWAY SENIOR LIVING 1043,1384.51,19094.32,
09/18/2026,ACH CREDIT PAYSWIFT PAYOUT 78483485,900.25,19994.57,
09/18/2026,ACH CREDIT PAYSWIFT PAYOUT 38457132,928.50,20923.07,
09/18/2026,ACH CREDIT PAYSWIFT PAYOUT 77765536,853.04,21776.11,
09/18/2026,ACH CREDIT PAYSWIFT PAYOUT 29272401,348.40,22124.51,
09/18/2026,ACH CREDIT PAYSWIFT PAYOUT 84486271,626.74,22751.25,
09/18/2026,ACH CREDIT PAYSWIFT PAYOUT 76198773,1008.71,23759.96,
09/18/2026,ACH CREDIT PAYSWIFT PAYOUT 97544913,940.12,24700.08,
09/18/2026,ACH CREDIT PAYSWIFT PAYOUT 57321363,828.21,25528.29,
09/18/2026,ACH CREDIT PAYSWIFT PAYOUT 78060580,354.36,25882.65,
09/18/2026,DEBIT CARD PURCHASE SWEETBAY SUGAR SUPPLY,-82.04,25800.61,
09/18/2026,DEBIT CARD PURCHASE SWEETBAY SUGAR SUPPLY,-75.66,25724.95,
09/18/2026,ACH DEBIT SWEETBAY SUGAR SUPPLY 152284,-129.00,25595.95,
09/18/2026,CHECK 2056,-157.23,25438.72,2056
09/18/2026,CHECK 2069,-729.53,24709.19,2069
09/18/2026,ACH DEBIT GOLDEN MILL FLOUR 152468,-1273.85,23435.34,
09/18/2026,POS 3367 GOLDEN MILL FLOUR BERKELEY,-454.54,22980.80,
09/18/2026,POS 3367 GOLDEN MILL FLOUR BERKELEY,-104.34,22876.46,
09/18/2026,ACH DEBIT 1183516 WEB PMT,-357.28,22519.18,
09/21/2026,ACH CREDIT PAYSWIFT PAYOUT 93915777,341.35,22860.53,
09/21/2026,ACH CREDIT PAYSWIFT PAYOUT 56285457,422.21,23282.74,
09/21/2026,ACH CREDIT PAYSWIFT PAYOUT 22952243,732.21,24014.95,
09/21/2026,ACH CREDIT PAYSWIFT PAYOUT 18833749,239.92,24254.87,
09/21/2026,BRANCH DEPOSIT 17699,2069.00,26323.87,
09/21/2026,ACH CREDIT PAYSWIFT PAYOUT 29014253,521.94,26845.81,
09/21/2026,ACH CREDIT PAYSWIFT PAYOUT 12935141,941.35,27787.16,
09/21/2026,ACH CREDIT PAYSWIFT PAYOUT 10249728,385.56,28172.72,
09/21/2026,ACH CREDIT PAYSWIFT PAYOUT 15720489,636.44,28809.16,
09/21/2026,ACH CREDIT PAYSWIFT PAYOUT 20025132,557.73,29366.89,
09/21/2026,ACH CREDIT PAYSWIFT PAYOUT 59021474,211.01,29577.90,
09/21/2026,ACH CREDIT PAYSWIFT PAYOUT 66049608,666.53,30244.43,
09/21/2026,ACH CREDIT PAYSWIFT PAYOUT 74701673,1057.60,31302.03,
09/21/2026,ACH CREDIT PAYSWIFT PAYOUT 43293176,596.40,31898.43,
09/21/2026,ACH CREDIT PAYSWIFT PAYOUT 65319432,699.63,32598.06,
09/21/2026,MOBILE DEPOSIT 44692,753.19,33351.25,
09/21/2026,ACH CREDIT PAYSWIFT PAYOUT 28536690,523.48,33874.73,
09/21/2026,ACH CREDIT PAYSWIFT PAYOUT 73642300,694.53,34569.26,
09/21/2026,ACH CREDIT PAYSWIFT PAYOUT 16824568,108.50,34677.76,
09/21/2026,ACH CREDIT PAYSWIFT PAYOUT 46625513,584.86,35262.62,
09/21/2026,ACH CREDIT PAYSWIFT PAYOUT 40725984,558.74,35821.36,
09/21/2026,ACH CREDIT PAYSWIFT PAYOUT 89077590,1048.42,36869.78,
09/21/2026,ACH CREDIT PAYSWIFT PAYOUT 41041256,692.95,37562.73,
09/21/2026,ACH CREDIT PAYSWIFT PAYOUT 89697404,1030.32,38593.05,
09/21/2026,ACH CREDIT PAYSWIFT PAYOUT 24440336,547.59,39140.64,
09/21/2026,ACH CREDIT PAYSWIFT PAYOUT 71617337,194.73,39335.37,
09/21/2026,ACH DEBIT FIRST COAST BANK LOAN PMT,-2080.95,37254.42,
09/21/2026,ACH DEBIT GOLDEN MILL FLOUR 152209,-922.93,36331.49,
09/21/2026,POS 3367 GOLDEN MILL FLOUR BERKELEY,-69.63,36261.86,
09/21/2026,ACH DEBIT SUMMIT PAPER GOODS 152343,-80.35,36181.51,
09/21/2026,DEBIT CARD PURCHASE SWEETBAY SUGAR SUPPLY,-139.82,36041.69,
09/21/2026,POS 3367 SWEETBAY SUGAR SUPPLY BERKELEY,-65.47,35976.22,
09/21/2026,CHECK 2066,-380.98,35595.24,2066
09/21/2026,ACH DEBIT PACIFIC CREST DAIRY 152361,-400.87,35194.37,
09/21/2026,WIRE OUT GOLDEN MILL FLOUR REF 336501,-2517.70,32676.67,
09/21/2026,WIRE OUT SWEETBAY SUGAR SUPPLY REF 458106,-566.08,32110.59,
09/21/2026,ACH DEBIT SWEETBAY SUGAR SUPPLY 152535,-448.20,31662.39,
09/21/2026,CHECK 2079,-322.83,31339.56,2079
09/21/2026,ACH DEBIT PACIFIC CREST DAIRY 152731,-573.05,30766.51,
09/21/2026,WIRE OUT GOLDEN MILL FLOUR REF 292343,-2483.74,28282.77,
09/21/2026,DEBIT CARD PURCHASE GOLDEN MILL FLOUR,-179.32,28103.45,
09/21/2026,CHECK 2087,-766.28,27337.17,2087
09/22/2026,ACH CREDIT PAYSWIFT PAYOUT 84548863,341.87,27679.04,
09/22/2026,ACH CREDIT PAYSWIFT PAYOUT 55027553,286.61,27965.65,
09/22/2026,ACH CREDIT PAYSWIFT PAYOUT 51259446,701.67,28667.32,
09/22/2026,ACH CREDIT PAYSWIFT PAYOUT 99349407,961.54,29628.86,
09/22/2026,ACH CREDIT PAYSWIFT PAYOUT 43692606,802.79,30431.65,
09/22/2026,ACH CREDIT PAYSWIFT PAYOUT 19821756,765.23,31196.88,
09/22/2026,CHECK 2055,-226.42,30970.46,2055
09/22/2026,POS 3367 SUMMIT PAPER GOODS BERKELEY,-68.14,30902.32,
09/22/2026,POS 3367 GOLDEN MILL FLOUR BERKELEY,-222.36,30679.96,
09/22/2026,ACH DEBIT PACIFIC CREST DAIRY 152352,-250.52,30429.44,
09/22/2026,POS 3367 SUMMIT PAPER GOODS BERKELEY,-49.59,30379.85,
09/22/2026,POS 3367 PACIFIC CREST DAIRY BERKELEY,-84.07,30295.78,
09/22/2026,POS 3367 SUMMIT PAPER GOODS BERKELEY,-54.49,30241.29,
09/22/2026,POS 3367 SUMMIT PAPER GOODS BERKELEY,-148.14,30093.15,
09/22/2026,POS 3367 PACIFIC CREST DAIRY BERKELEY,-76.54,30016.61,
09/22/2026,DEBIT CARD PURCHASE SWEETBAY SUGAR SUPPLY,-120.03,29896.58,
09/22/2026,DEBIT CARD PURCHASE PACIFIC CREST DAIRY,-310.64,29585.94,
09/23/2026,ACH CREDIT PAYSWIFT PAYOUT 53116466,117.66,29703.60,
09/23/2026,MOBILE DEPOSIT 72565,1133.97,30837.57,
09/23/2026,ACH CREDIT PAYSWIFT PAYOUT 61060665,509.54,31347.11,
09/23/2026,ACH CREDIT PAYSWIFT PAYOUT 15409278,456.78,31803.89,
09/23/2026,ACH CREDIT PAYSWIFT PAYOUT 80173966,883.02,32686.91,
09/23/2026,ACH CREDIT PAYSWIFT PAYOUT 62926979,487.75,33174.66,
09/23/2026,ACH DEBIT CA DEPT TAX FEE ADMIN,-2222.09,30952.57,
09/23/2026,ACH DEBIT PACIFIC CREST DAIRY 152249,-601.46,30351.11,
09/23/2026,ACH DEBIT SUMMIT PAPER GOODS 152349,-248.59,30102.52,
09/23/2026,WIRE OUT PACIFIC CREST DAIRY REF 289217,-1190.85,28911.67,
09/23/2026,ACH DEBIT SUMMIT PAPER GOODS 152802,-398.85,28512.82,
09/24/2026,ACH CREDIT PAYSWIFT PAYOUT 44102308,658.36,29171.18,
09/24/2026,ACH CREDIT RIVERA CATERING 6238,409.44,29580.62,
09/24/2026,ACH CREDIT PAYSWIFT PAYOUT 19945735,929.17,30509.79,
09/24/2026,ACH CREDIT PAYSWIFT PAYOUT 20570245,639.32,31149.11,
09/24/2026,ACH CREDIT PAYSWIFT PAYOUT 72873891,483.86,31632.97,
09/24/2026,ACH CREDIT PAYSWIFT PAYOUT 12069228,804.97,32437.94,
09/24/2026,WIRE OUT PACIFIC CREST DAIRY REF 278539,-1587.79,30850.15,
09/24/2026,POS 3367 GOLDEN MILL FLOUR BERKELEY,-99.61,30750.54,
09/24/2026,WIRE OUT PACIFIC CREST DAIRY REF 828690,-1339.76,29410.78,
09/24/2026,WIRE OUT SUMMIT PAPER GOODS REF 623983,-1080.99,28329.79,
09/24/2026,POS 3367 GOLDEN MILL FLOUR BERKELEY,-41.35,28288.44,
09/24/2026,WIRE OUT SUMMIT PAPER GOODS REF 892516,-749.71,27538.73,
09/24/2026,ACH DEBIT SWEETBAY SUGAR SUPPLY 153082,-361.85,27176.88,
09/24/2026,DEBIT CARD PURCHASE SWEETBAY SUGAR SUPPLY,-58.05,27118.83,
09/25/2026,DEPOSIT 58575,1843.74,28962.57,
09/25/2026,BRANCH DEPOSIT 76850,965.56,29928.13,
09/25/2026,ACH CREDIT PAYSWIFT PAYOUT 19632548,995.73,30923.86,
09/25/2026,ACH CREDIT JUNIPER TECH LABS 6312,1886.19,32810.05,
09/25/2026,ACH CREDIT PAYSWIFT PAYOUT 61245274,1032.82,33842.87,
09/25/2026,ACH CREDIT PAYSWIFT PAYOUT 43914706,1010.20,34853.07,
09/25/2026,DEBIT CARD PURCHASE SWEETBAY SUGAR SUPPLY,-122.29,34730.78,
09/25/2026,POS 3367 PACIFIC CREST DAIRY BERKELEY,-266.43,34464.35,
09/25/2026,CHECK 2054,-1037.16,33427.19,2054
09/25/2026,ACH DEBIT SWEETBAY SUGAR SUPPLY 152243,-67.70,33359.49,
09/25/2026,POS 3367 PACIFIC CREST DAIRY BERKELEY,-256.90,33102.59,
09/25/2026,DEBIT CARD PURCHASE SWEETBAY SUGAR SUPPLY,-139.90,32962.69,
09/25/2026,CHECK 2060,-678.59,32284.10,2060
09/25/2026,WIRE OUT SUMMIT PAPER GOODS REF 496967,-1060.71,31223.39,
09/25/2026,POS 3367 SWEETBAY SUGAR SUPPLY BERKELEY,-37.23,31186.16,
09/25/2026,DEBIT CARD PURCHASE GOLDEN MILL FLOUR,-213.87,30972.29,
09/25/2026,POS 3367 SUMMIT PAPER GOODS BERKELEY,-19.67,30952.62,
09/25/2026,POS 3367 SUMMIT PAPER GOODS BERKELEY,-167.87,30784.75,
09/28/2026,ACH CREDIT PAYSWIFT PAYOUT 11639279,428.18,31212.93,
09/28/2026,ACH CREDIT PAYSWIFT PAYOUT 30564451,798.11,32011.04,
09/28/2026,ACH CREDIT PAYSWIFT PAYOUT 51265627,744.29,32755.33,
09/28/2026,ACH CREDIT PAYSWIFT PAYOUT 30186712,263.10,33018.43,
09/28/2026,ACH CREDIT PAYSWIFT PAYOUT 41072166,400.07,33418.50,
09/28/2026,ACH CREDIT PAYSWIFT PAYOUT 23168240,999.95,34418.45,
09/28/2026,ACH CREDIT PAYSWIFT PAYOUT 75021298,360.49,34778.94,
09/28/2026,ACH CREDIT PAYSWIFT PAYOUT 99393569,563.00,35341.94,
09/28/2026,ACH CREDIT PAYSWIFT PAYOUT 47379086,292.98,35634.92,
09/28/2026,ACH DEBIT SWEETBAY SUGAR SUPPLY 152112,-99.84,35535.08,
09/28/2026,WIRE OUT PACIFIC CREST DAIRY REF 695334,-1888.89,33646.19,
09/28/2026,CHECK 2067,-153.86,33492.33,2067
09/28/2026,POS 3367 SWEETBAY SUGAR SUPPLY BERKELEY,-131.29,33361.04,
09/28/2026,ACH DEBIT SWEETBAY SUGAR SUPPLY 152506,-258.13,33102.91,
09/28/2026,WIRE OUT PACIFIC CREST DAIRY REF 286495,-1384.67,31718.24,
09/28/2026,POS 3367 PACIFIC CREST DAIRY BERKELEY,-76.51,31641.73,
09/28/2026,WIRE OUT PACIFIC CREST DAIRY REF 302218,-1681.16,29960.57,
09/28/2026,ACH DEBIT PACIFIC CREST DAIRY 152946,-540.62,29419.95,
09/28/2026,ACH DEBIT SWEETBAY SUGAR SUPPLY 152990,-243.13,29176.82,
09/28/2026,DEBIT CARD PURCHASE GOLDEN MILL FLOUR,-394.92,28781.90,
09/28/2026,POS 3367 SWEETBAY SUGAR SUPPLY BERKELEY,-155.70,28626.20,
09/29/2026,ACH DEBIT LEDGERLY PAYROLL PPD,-4003.93,24622.27,
