Line ID,Posting Date,JE Number,Memo,Counterparty,Check #,Contra Account,Amount,Running Balance
GL-56290,09/01/2026,CD-839000,Tools - Gearhead Tool Supply,Gearhead Tool Supply,,6400,(79.81),32825.41
GL-56291,09/01/2026,CD-440001,Waste oil - Cleanstream Oil Recycling,Cleanstream Oil Recycling,,6600,(44.86),32780.55
GL-56292,09/01/2026,CD-392002,Parts - Eastbay Parts Warehouse,Eastbay Parts Warehouse,,5000,(893.88),31886.67
GL-56293,09/01/2026,CD-711003,Tools - Gearhead Tool Supply,Gearhead Tool Supply,,6400,(147.60),31739.07
GL-56294,09/01/2026,CD-291004,Wire to Precision Tire Wholesale,Precision Tire Wholesale,,2000,(4531.93),27207.14
GL-56295,09/01/2026,CR-691005,Payment - Rivera Catering INV-4174,Rivera Catering,,1200,4083.82,31290.96
GL-56296,09/01/2026,CR-706006,Deposit - Sequoia Grocers check 4419,Sequoia Grocers,,1200,1418.65,32709.61
GL-56297,09/01/2026,CD-847007,Tools - Gearhead Tool Supply,Gearhead Tool Supply,,6400,(89.57),32620.04
GL-56298,09/02/2026,CD-287008,Precision Tire Wholesale inv 13127,Precision Tire Wholesale,,2000,(2335.31),30284.73
GL-56299,09/02/2026,CD-621009,Gearhead Tool Supply inv 95307,Gearhead Tool Supply,,2000,(438.12),29846.61
GL-56300,09/02/2026,CD-347010,Gearhead Tool Supply inv 60071,Gearhead Tool Supply,,2000,(139.74),29706.87
GL-56301,09/02/2026,CD-138011,Eastbay Parts Warehouse inv 72555,Eastbay Parts Warehouse,,2000,(2651.69),27055.18
GL-56302,09/03/2026,CD-666012,Insurance premium - Bayshore Mutual,Bayshore Mutual Insurance,,6300,(1065.40),25989.78
GL-56303,09/03/2026,CD-912013,Waste oil - Cleanstream Oil Recycling,Cleanstream Oil Recycling,,6600,(59.01),25930.77
GL-56304,09/03/2026,CR-610014,PaySwift payout 9/3,PaySwift,,4100,1690.56,27621.33
GL-56305,09/03/2026,CD-940015,Precision Tire Wholesale inv 14428,Precision Tire Wholesale,,2000,(2172.68),25448.65
GL-56306,09/03/2026,CD-927016,Tools - Gearhead Tool Supply,Gearhead Tool Supply,,6400,(241.55),25207.10
GL-56307,09/03/2026,CR-649017,Payment - Sequoia Grocers INV-8636,Sequoia Grocers,,1200,927.29,26134.39
GL-56308,09/03/2026,CD-882018,Check #4476 Eastbay Parts Warehouse,Eastbay Parts Warehouse,4476,2000,(2390.64),23743.75
GL-56309,09/03/2026,CD-118019,Tools - Gearhead Tool Supply,Gearhead Tool Supply,,6400,(150.94),23592.81
GL-56310,09/03/2026,CD-577020,Waste oil - Cleanstream Oil Recycling,Cleanstream Oil Recycling,,6600,(11.46),23581.35
GL-56311,09/03/2026,CR-215021,PaySwift payout 9/3,PaySwift,,4100,1533.86,25115.21
GL-56312,09/03/2026,CR-995022,Deposit - Delacroix Events check 2139,Delacroix Events,,1200,3948.56,29063.77
GL-56313,09/03/2026,CD-862023,Tires - Precision Tire Wholesale,Precision Tire Wholesale,,5000,(124.77),28939.00
GL-56314,09/03/2026,CD-972024,Check #4490 Eastbay Parts Warehouse,Eastbay Parts Warehouse,4490,2000,(823.08),28115.92
GL-56315,09/03/2026,CR-319025,PaySwift payout 9/3,PaySwift,,4100,507.59,28623.51
GL-56316,09/04/2026,CD-918026,Check #4471 Cleanstream Oil Recycling,Cleanstream Oil Recycling,4471,2000,(100.22),28523.29
GL-56317,09/04/2026,CD-801027,Wire to Gearhead Tool Supply,Gearhead Tool Supply,,2000,(1354.40),27168.89
GL-56318,09/04/2026,CD-150028,Parts - Eastbay Parts Warehouse,Eastbay Parts Warehouse,,5000,(719.24),26449.65
GL-56319,09/04/2026,CR-540029,PaySwift payout 9/4,PaySwift,,4100,1549.05,27998.70
GL-56320,09/04/2026,CD-688030,Check #4479 Cleanstream Oil Recycling,Cleanstream Oil Recycling,4479,2000,(90.97),27907.73
GL-56321,09/04/2026,CD-862031,Tools - Gearhead Tool Supply,Gearhead Tool Supply,,6400,(273.38),27634.35
GL-56322,09/04/2026,CR-858032,PaySwift payout 9/4,PaySwift,,4100,513.80,28148.15
GL-56323,09/04/2026,CD-803033,Check #4496 Cleanstream Oil Recycling,Cleanstream Oil Recycling,4496,2000,(138.89),28009.26
GL-56324,09/04/2026,CR-352034,Payment - Fairway Senior Living INV-3535,Fairway Senior Living,,1200,2031.60,30040.86
GL-56325,09/04/2026,CD-162035,Check #4502 Cleanstream Oil Recycling,Cleanstream Oil Recycling,4502,2000,(136.73),29904.13
GL-56326,09/05/2026,CD-701036,September rent - Meridian Property Mgmt,Meridian Property Mgmt,,6000,(9395.65),20508.48
GL-56327,09/05/2026,CD-218037,Check #4472 Gearhead Tool Supply,Gearhead Tool Supply,4472,2000,(805.71),19702.77
GL-56328,09/05/2026,CD-885038,Check #4473 Cleanstream Oil Recycling,Cleanstream Oil Recycling,4473,2000,(49.79),19652.98
GL-56329,09/05/2026,CD-218039,Precision Tire Wholesale inv 60023,Precision Tire Wholesale,,2000,(2142.84),17510.14
GL-56330,09/05/2026,CD-583040,Check #4478 Precision Tire Wholesale,Precision Tire Wholesale,4478,2000,(2591.73),14918.41
GL-56331,09/05/2026,CR-865041,Payment - Fairway Senior Living INV-3028,Fairway Senior Living,,1200,960.70,15879.11
GL-56332,09/05/2026,CD-652042,Tools - Gearhead Tool Supply,Gearhead Tool Supply,,6400,(278.02),15601.09
GL-56333,09/05/2026,CD-499043,Gearhead Tool Supply inv 72273,Gearhead Tool Supply,,2000,(265.94),15335.15
GL-56334,09/05/2026,CD-473044,Eastbay Parts Warehouse inv 48894,Eastbay Parts Warehouse,,2000,(1910.19),13424.96
GL-56335,09/06/2026,CR-142045,PaySwift payout 9/6,PaySwift,,4100,1368.37,14793.33
GL-56336,09/06/2026,CD-350046,Tires - Precision Tire Wholesale,Precision Tire Wholesale,,5000,(86.73),14706.60
GL-56337,09/06/2026,CD-519047,Check #4475 Eastbay Parts Warehouse,Eastbay Parts Warehouse,4475,2000,(1926.11),12780.49
GL-56338,09/06/2026,CD-858048,Tools - Gearhead Tool Supply,Gearhead Tool Supply,,6400,(19.09),12761.40
GL-56339,09/06/2026,CD-988049,Wire to Precision Tire Wholesale,Precision Tire Wholesale,,2000,(4531.49),8229.91
GL-56340,09/06/2026,CR-100050,Payment - Fairway Senior Living INV-6125,Fairway Senior Living,,1200,3131.35,11361.26
GL-56341,09/06/2026,CR-142051,PaySwift payout 9/6,PaySwift,,4100,1275.76,12637.02
GL-56342,09/06/2026,CR-692052,Deposit - Sequoia Grocers check 3544,Sequoia Grocers,,1200,3154.40,15791.42
GL-56343,09/06/2026,CD-848053,Tools - Gearhead Tool Supply,Gearhead Tool Supply,,6400,(230.40),15561.02
GL-56344,09/06/2026,CD-829054,Parts - Eastbay Parts Warehouse,Eastbay Parts Warehouse,,5000,(137.57),15423.45
GL-56345,09/06/2026,CD-227055,Gearhead Tool Supply inv 5303,Gearhead Tool Supply,,2000,(234.97),15188.48
GL-56346,09/06/2026,CR-427056,PaySwift payout 9/6,PaySwift,,4100,1701.69,16890.17
GL-56347,09/06/2026,CD-153057,Wire to Cleanstream Oil Recycling,Cleanstream Oil Recycling,,2000,(423.69),16466.48
GL-56348,09/06/2026,CD-584058,Tools - Gearhead Tool Supply,Gearhead Tool Supply,,6400,(240.21),16226.27
GL-56349,09/06/2026,CD-884059,Check #4500 Eastbay Parts Warehouse,Eastbay Parts Warehouse,4500,2000,(2735.21),13491.06
GL-56350,09/06/2026,CD-236060,Cleanstream Oil Recycling inv 53292,Cleanstream Oil Recycling,,2000,(66.07),13424.99
GL-56351,09/07/2026,CD-816061,Tools - Gearhead Tool Supply,Gearhead Tool Supply,,6400,(76.13),13348.86
GL-56352,09/07/2026,CD-911062,Check #4474 Gearhead Tool Supply,Gearhead Tool Supply,4474,2000,(722.31),12626.55
GL-56353,09/07/2026,CR-396063,Deposit - Coastside Realty check 9487,Coastside Realty,,1200,4283.95,16910.50
GL-56354,09/07/2026,CR-216064,Deposit - Sequoia Grocers check 1937,Sequoia Grocers,,1200,255.20,17165.70
GL-56355,09/07/2026,CR-594065,PaySwift payout 9/7,PaySwift,,4100,415.58,17581.28
GL-56356,09/07/2026,CD-284066,Wire to Eastbay Parts Warehouse,Eastbay Parts Warehouse,,2000,(5339.26),12242.02
GL-56357,09/07/2026,CD-392067,Check #4483 Eastbay Parts Warehouse,Eastbay Parts Warehouse,4483,2000,(1059.52),11182.50
GL-56358,09/07/2026,CR-799068,Payment - Bayline Offices INV-1318,Bayline Offices,,1200,1292.00,12474.50
GL-56359,09/07/2026,CD-490069,Tires - Precision Tire Wholesale,Precision Tire Wholesale,,5000,(125.27),12349.23
GL-56360,09/07/2026,CD-818070,Parts - Eastbay Parts Warehouse,Eastbay Parts Warehouse,,5000,(171.31),12177.92
GL-56361,09/07/2026,CD-913071,Eastbay Parts Warehouse inv 58626,Eastbay Parts Warehouse,,2000,(1020.07),11157.85
GL-56362,09/08/2026,CD-659072,Accounting software - CloudLedger,CloudLedger,,6800,(159.07),10998.78
GL-56363,09/08/2026,CD-392073,Cleanstream Oil Recycling inv 82534,Cleanstream Oil Recycling,,2000,(123.86),10874.92
GL-56364,09/08/2026,CD-293074,Tools - Gearhead Tool Supply,Gearhead Tool Supply,,6400,(148.60),10726.32
GL-56365,09/08/2026,CR-465075,PaySwift payout 9/8,PaySwift,,4100,1273.55,11999.87
GL-56366,09/08/2026,CD-211076,Check #4481 Eastbay Parts Warehouse,Eastbay Parts Warehouse,4481,2000,(1841.41),10158.46
GL-56367,09/08/2026,CR-389077,Deposit - Fairway Senior Living check 2972,Fairway Senior Living,,1200,4000.10,14158.56
GL-56368,09/08/2026,CD-602078,Tools - Gearhead Tool Supply,Gearhead Tool Supply,,6400,(165.64),13992.92
GL-56369,09/08/2026,CD-640079,Check #4486 Eastbay Parts Warehouse,Eastbay Parts Warehouse,4486,2000,(2283.14),11709.78
GL-56370,09/08/2026,CD-508080,Gearhead Tool Supply inv 21567,Gearhead Tool Supply,,2000,(157.03),11552.75
GL-56371,09/08/2026,CR-675081,Payment - Coastside Realty INV-2393,Coastside Realty,,1200,1661.42,13214.17
GL-56372,09/09/2026,CD-582082,Wire to Gearhead Tool Supply,Gearhead Tool Supply,,2000,(1732.91),11481.26
GL-56373,09/09/2026,CR-447083,Payment - Sequoia Grocers INV-3735,Sequoia Grocers,,1200,3380.17,14861.43
GL-56374,09/09/2026,CR-537084,PaySwift payout 9/9,PaySwift,,4100,1755.96,16617.39
GL-56375,09/09/2026,CR-786085,Payment - Juniper Tech Labs INV-9546,Juniper Tech Labs,,1200,5364.54,21981.93
GL-56376,09/09/2026,CD-487086,Cleanstream Oil Recycling inv 38012,Cleanstream Oil Recycling,,2000,(201.53),21780.40
GL-56377,09/09/2026,CD-601087,Waste oil - Cleanstream Oil Recycling,Cleanstream Oil Recycling,,6600,(41.04),21739.36
GL-56378,09/09/2026,CR-188088,PaySwift payout 9/9,PaySwift,,4100,1348.71,23088.07
GL-56379,09/09/2026,CD-993089,Check #4489 Gearhead Tool Supply,Gearhead Tool Supply,4489,2000,(295.78),22792.29
GL-56380,09/09/2026,CD-629090,Check #4494 Gearhead Tool Supply,Gearhead Tool Supply,4494,2000,(555.27),22237.02
GL-56381,09/09/2026,CD-709091,Check #4495 Precision Tire Wholesale,Precision Tire Wholesale,4495,2000,(1230.83),21006.19
GL-56382,09/09/2026,CR-929092,PaySwift payout 9/9,PaySwift,,4100,2072.44,23078.63
GL-56383,09/10/2026,CR-669093,Payment - Coastside Realty INV-4979,Coastside Realty,,1200,2484.89,25563.52
GL-56384,09/10/2026,CD-890094,Parts - Eastbay Parts Warehouse,Eastbay Parts Warehouse,,5000,(193.62),25369.90
GL-56385,09/10/2026,CD-992095,Wire to Precision Tire Wholesale,Precision Tire Wholesale,,2000,(4338.67),21031.23
GL-56386,09/10/2026,CD-894096,Precision Tire Wholesale inv 6375,Precision Tire Wholesale,,2000,(1189.17),19842.06
GL-56387,09/10/2026,CR-786097,PaySwift payout 9/10,PaySwift,,4100,393.57,20235.63
GL-56388,09/10/2026,CR-845098,Payment - Delacroix Events INV-4082,Delacroix Events,,1200,4785.96,25021.59
GL-56389,09/10/2026,CD-457099,Waste oil - Cleanstream Oil Recycling,Cleanstream Oil Recycling,,6600,(49.08),24972.51
GL-56390,09/10/2026,CD-735100,Gearhead Tool Supply inv 89396,Gearhead Tool Supply,,2000,(822.80),24149.71
GL-56391,09/10/2026,CD-663101,Tires - Precision Tire Wholesale,Precision Tire Wholesale,,5000,(688.76),23460.95
GL-56392,09/10/2026,CD-888102,Cleanstream Oil Recycling inv 74473,Cleanstream Oil Recycling,,2000,(74.47),23386.48
GL-56393,09/10/2026,CR-987103,PaySwift payout 9/10,PaySwift,,4100,2076.01,25462.49
GL-56394,09/10/2026,CD-839104,Gearhead Tool Supply inv 87489,Gearhead Tool Supply,,2000,(325.45),25137.04
GL-56395,09/11/2026,CR-390105,PaySwift payout 9/11,PaySwift,,4100,1782.13,26919.17
GL-56396,09/11/2026,CR-893106,PaySwift payout 9/11,PaySwift,,4100,1075.08,27994.25
GL-56397,09/11/2026,CR-834107,Deposit - Marin Wellness Center check 1751,Marin Wellness Center,,1200,4209.53,32203.78
GL-56398,09/11/2026,CR-426108,PaySwift payout 9/11,PaySwift,,4100,1559.00,33762.78
GL-56399,09/11/2026,CR-774109,PaySwift payout 9/11,PaySwift,,4100,518.37,34281.15
GL-56400,09/11/2026,CR-404110,PaySwift payout 9/11,PaySwift,,4100,2327.51,36608.66
GL-56401,09/11/2026,CR-270111,Deposit - Coastside Realty check 8628,Coastside Realty,,1200,1663.84,38272.50
GL-56402,09/11/2026,CR-266112,Payment - Rivera Catering INV-2888,Rivera Catering,,1200,2887.47,41159.97
GL-56403,09/11/2026,CR-882113,Deposit - Fairway Senior Living check 9877,Fairway Senior Living,,1200,1944.97,43104.94
GL-56404,09/11/2026,CD-167114,Tools - Gearhead Tool Supply,Gearhead Tool Supply,,6400,(46.72),43058.22
GL-56405,09/12/2026,CR-918115,PaySwift payout 9/12,PaySwift,,4100,1245.57,44303.79
GL-56406,09/12/2026,CR-479116,PaySwift payout 9/12,PaySwift,,4100,2190.35,46494.14
GL-56407,09/12/2026,CD-961117,Cleanstream Oil Recycling inv 94104,Cleanstream Oil Recycling,,2000,(137.72),46356.42
GL-56408,09/12/2026,CD-334118,Waste oil - Cleanstream Oil Recycling,Cleanstream Oil Recycling,,6600,(46.64),46309.78
GL-56409,09/12/2026,CR-898119,Deposit - Juniper Tech Labs check 8871,Juniper Tech Labs,,1200,370.45,46680.23
GL-56410,09/12/2026,CD-483120,Parts - Eastbay Parts Warehouse,Eastbay Parts Warehouse,,5000,(683.10),45997.13
GL-56411,09/12/2026,CD-589121,Check #4497 Gearhead Tool Supply,Gearhead Tool Supply,4497,2000,(468.20),45528.93
GL-56412,09/13/2026,CR-424122,PaySwift payout 9/13,PaySwift,,4100,179.23,45708.16
GL-56413,09/13/2026,CR-368123,Deposit - Bayline Offices check 8815,Bayline Offices,,1200,2617.43,48325.59
GL-56414,09/13/2026,CD-660124,Tools - Gearhead Tool Supply,Gearhead Tool Supply,,6400,(117.31),48208.28
GL-56415,09/13/2026,CD-346125,Tools - Gearhead Tool Supply,Gearhead Tool Supply,,6400,(90.53),48117.75
GL-56416,09/13/2026,CD-392126,Waste oil - Cleanstream Oil Recycling,Cleanstream Oil Recycling,,6600,(51.73),48066.02
GL-56417,09/13/2026,CD-512127,Tools - Gearhead Tool Supply,Gearhead Tool Supply,,6400,(258.84),47807.18
GL-56418,09/13/2026,CD-250128,Eastbay Parts Warehouse inv 32087,Eastbay Parts Warehouse,,2000,(2740.23),45066.95
GL-56419,09/13/2026,CR-483129,Payment - Rivera Catering INV-4831,Rivera Catering,,1200,4386.84,49453.79
GL-56420,09/13/2026,CD-296130,Gearhead Tool Supply inv 56059,Gearhead Tool Supply,,2000,(621.27),48832.52
GL-56421,09/13/2026,CR-831131,PaySwift payout 9/13,PaySwift,,4100,1161.48,49994.00
GL-56422,09/13/2026,CD-817132,Check #4493 Precision Tire Wholesale,Precision Tire Wholesale,4493,2000,(1149.33),48844.67
GL-56423,09/13/2026,CR-494133,PaySwift payout 9/13,PaySwift,,4100,2009.64,50854.31
GL-56424,09/14/2026,CD-105134,Utilities - Coastline Power and Water,Coastline Power and Water,,6050,(1004.77),49849.54
GL-56425,09/14/2026,CR-752135,PaySwift payout 9/14,PaySwift,,4100,2048.75,51898.29
GL-56426,09/14/2026,CR-452136,Payment - Delacroix Events INV-1876,Delacroix Events,,1200,4331.03,56229.32
GL-56427,09/14/2026,CR-309137,PaySwift payout 9/14,PaySwift,,4100,805.90,57035.22
GL-56428,09/14/2026,CR-628138,PaySwift payout 9/14,PaySwift,,4100,1453.43,58488.65
GL-56429,09/14/2026,CD-463139,Wire to Eastbay Parts Warehouse,Eastbay Parts Warehouse,,2000,(5016.45),53472.20
GL-56430,09/14/2026,CR-540140,PaySwift payout 9/14,PaySwift,,4100,1532.19,55004.39
GL-56431,09/14/2026,CR-337141,PaySwift payout 9/14,PaySwift,,4100,1681.54,56685.93
GL-56432,09/14/2026,CR-242142,PaySwift payout 9/14,PaySwift,,4100,1078.77,57764.70
GL-56433,09/14/2026,CD-818143,Check #4485 Cleanstream Oil Recycling,Cleanstream Oil Recycling,4485,2000,(148.59),57616.11
GL-56434,09/14/2026,CD-964144,Tires - Precision Tire Wholesale,Precision Tire Wholesale,,5000,(842.50),56773.61
GL-56435,09/14/2026,CD-790145,Gearhead Tool Supply inv 79857,Gearhead Tool Supply,,2000,(860.02),55913.59
GL-56436,09/15/2026,PR-730146,Payroll run 9/15,Ledgerly Payroll,,6200,(8167.10),47746.49
GL-56437,09/15/2026,CD-352147,Parts - Eastbay Parts Warehouse,Eastbay Parts Warehouse,,5000,(616.51),47129.98
GL-56438,09/15/2026,CR-763148,Deposit - Sequoia Grocers check 6983,Sequoia Grocers,,1200,1843.24,48973.22
GL-56439,09/15/2026,CD-172149,Wire to Cleanstream Oil Recycling,Cleanstream Oil Recycling,,2000,(315.68),48657.54
GL-56440,09/15/2026,CR-159150,Payment - Bayline Offices INV-9792,Bayline Offices,,1200,288.27,48945.81
GL-56441,09/15/2026,CD-948151,Tools - Gearhead Tool Supply,Gearhead Tool Supply,,6400,(289.89),48655.92
GL-56442,09/15/2026,CR-435152,Payment - Delacroix Events INV-8569,Delacroix Events,,1200,1914.37,50570.29
GL-56443,09/15/2026,CD-711153,Parts - Eastbay Parts Warehouse,Eastbay Parts Warehouse,,5000,(328.78),50241.51
GL-56444,09/15/2026,CD-187154,Parts - Eastbay Parts Warehouse,Eastbay Parts Warehouse,,5000,(149.95),50091.56
GL-56445,09/15/2026,CR-719155,Deposit - Sequoia Grocers check 2664,Sequoia Grocers,,1200,1804.96,51896.52
GL-56446,09/15/2026,CR-853156,PaySwift payout 9/15,PaySwift,,4100,188.06,52084.58
GL-56447,09/15/2026,CR-783157,PaySwift payout 9/15,PaySwift,,4100,1575.82,53660.40
GL-56448,09/16/2026,CD-675158,Wire to Precision Tire Wholesale,Precision Tire Wholesale,,2000,(5551.81),48108.59
GL-56449,09/16/2026,CD-155159,Precision Tire Wholesale inv 17133,Precision Tire Wholesale,,2000,(1047.45),47061.14
GL-56450,09/16/2026,CR-222160,PaySwift payout 9/16,PaySwift,,4100,1287.05,48348.19
GL-56451,09/16/2026,CD-961161,Waste oil - Cleanstream Oil Recycling,Cleanstream Oil Recycling,,6600,(50.16),48298.03
GL-56452,09/16/2026,CD-915162,Check #4480 Eastbay Parts Warehouse,Eastbay Parts Warehouse,4480,2000,(1288.45),47009.58
GL-56453,09/16/2026,CD-512163,Precision Tire Wholesale inv 18951,Precision Tire Wholesale,,2000,(2217.76),44791.82
GL-56454,09/16/2026,CD-472164,Waste oil - Cleanstream Oil Recycling,Cleanstream Oil Recycling,,6600,(20.45),44771.37
GL-56455,09/16/2026,CD-520165,Check #4484 Gearhead Tool Supply,Gearhead Tool Supply,4484,2000,(555.11),44216.26
GL-56456,09/16/2026,CR-217166,PaySwift payout 9/16,PaySwift,,4100,1375.59,45591.85
GL-56457,09/16/2026,CD-763167,Check #4487 Cleanstream Oil Recycling,Cleanstream Oil Recycling,4487,2000,(142.68),45449.17
GL-56458,09/16/2026,CD-713168,Check #4491 Precision Tire Wholesale,Precision Tire Wholesale,4491,2000,(1945.63),43503.54
GL-56459,09/16/2026,CR-704169,Payment - Coastside Realty INV-2188,Coastside Realty,,1200,5323.38,48826.92
GL-56460,09/16/2026,CD-986170,Parts - Eastbay Parts Warehouse,Eastbay Parts Warehouse,,5000,(202.38),48624.54
GL-56461,09/16/2026,CR-674171,Deposit - Coastside Realty check 8694,Coastside Realty,,1200,2559.67,51184.21
GL-56462,09/16/2026,CD-810172,Check #4499 Eastbay Parts Warehouse,Eastbay Parts Warehouse,4499,2000,(1576.52),49607.69
GL-56463,09/17/2026,CR-392173,PaySwift payout 9/17,PaySwift,,4100,1713.25,51320.94
GL-56464,09/17/2026,CR-692174,Payment - Rivera Catering INV-2302,Rivera Catering,,1200,1463.08,52784.02
GL-56465,09/17/2026,CR-535175,Deposit - Coastside Realty check 4606,Coastside Realty,,1200,1990.30,54774.32
GL-56466,09/17/2026,CR-356176,Payment - Delacroix Events INV-3415,Delacroix Events,,1200,473.36,55247.68
GL-56467,09/17/2026,CD-395177,Check #4477 Eastbay Parts Warehouse,Eastbay Parts Warehouse,4477,2000,(1581.86),53665.82
GL-56468,09/17/2026,CR-250178,PaySwift payout 9/17,PaySwift,,4100,696.74,54362.56
GL-56469,09/17/2026,CD-375179,Precision Tire Wholesale inv 43308,Precision Tire Wholesale,,2000,(2483.63),51878.93
GL-56470,09/17/2026,CD-103180,Parts - Eastbay Parts Warehouse,Eastbay Parts Warehouse,,5000,(748.58),51130.35
GL-56471,09/17/2026,CD-834181,Eastbay Parts Warehouse inv 5366,Eastbay Parts Warehouse,,2000,(248.31),50882.04
GL-56472,09/17/2026,CD-894182,Check #4488 Gearhead Tool Supply,Gearhead Tool Supply,4488,2000,(685.75),50196.29
GL-56473,09/17/2026,CD-810183,Tools - Gearhead Tool Supply,Gearhead Tool Supply,,6400,(163.51),50032.78
GL-56474,09/17/2026,CD-981184,Check #4498 Precision Tire Wholesale,Precision Tire Wholesale,4498,2000,(2241.85),47790.93
GL-56475,09/17/2026,CR-537185,PaySwift payout 9/17,PaySwift,,4100,879.94,48670.87
GL-56476,09/18/2026,CR-961186,Deposit - Coastside Realty check 8822,Coastside Realty,,1200,5273.80,53944.67
GL-56477,09/18/2026,CD-507187,Tools - Gearhead Tool Supply,Gearhead Tool Supply,,6400,(230.31),53714.36
GL-56478,09/18/2026,CD-653188,Wire to Precision Tire Wholesale,Precision Tire Wholesale,,2000,(2602.56),51111.80
GL-56479,09/18/2026,CD-985189,Tools - Gearhead Tool Supply,Gearhead Tool Supply,,6400,(240.71),50871.09
GL-56480,09/18/2026,CD-818190,Tires - Precision Tire Wholesale,Precision Tire Wholesale,,5000,(462.83),50408.26
GL-56481,09/18/2026,CR-114191,PaySwift payout 9/18,PaySwift,,4100,1456.19,51864.45
GL-56482,09/18/2026,CD-390192,Check #4482 Precision Tire Wholesale,Precision Tire Wholesale,4482,2000,(670.73),51193.72
GL-56483,09/18/2026,CR-758193,Payment - Bayline Offices INV-4335,Bayline Offices,,1200,4837.77,56031.49
GL-56484,09/18/2026,CR-592194,Deposit - Fairway Senior Living check 5557,Fairway Senior Living,,1200,5006.89,61038.38
GL-56485,09/18/2026,CD-486195,Precision Tire Wholesale inv 51888,Precision Tire Wholesale,,2000,(2344.15),58694.23
GL-56486,09/18/2026,CD-626196,Wire to Precision Tire Wholesale,Precision Tire Wholesale,,2000,(3780.46),54913.77
GL-56487,09/19/2026,CD-345197,Tires - Precision Tire Wholesale,Precision Tire Wholesale,,5000,(760.98),54152.79
GL-56488,09/19/2026,CR-653198,Payment - Delacroix Events INV-1333,Delacroix Events,,1200,913.89,55066.68
GL-56489,09/19/2026,CD-471199,Parts - Eastbay Parts Warehouse,Eastbay Parts Warehouse,,5000,(269.57),54797.11
GL-56490,09/19/2026,CD-287200,Cleanstream Oil Recycling inv 29410,Cleanstream Oil Recycling,,2000,(135.21),54661.90
GL-56491,09/19/2026,CD-755201,Wire to Eastbay Parts Warehouse,Eastbay Parts Warehouse,,2000,(3074.56),51587.34
GL-56492,09/19/2026,CD-532202,Check #4492 Eastbay Parts Warehouse,Eastbay Parts Warehouse,4492,2000,(2133.13),49454.21
GL-56493,09/19/2026,CD-749203,Check #4501 Eastbay Parts Warehouse,Eastbay Parts Warehouse,4501,2000,(1731.66),47722.55
GL-56494,09/20/2026,CD-381204,Loan payment - First Coast Bank,First Coast Bank,,2500,(773.91),46948.64
GL-56495,09/20/2026,CR-211205,Payment - Fairway Senior Living INV-5561,Fairway Senior Living,,1200,2999.05,49947.69
GL-56496,09/20/2026,CR-264206,Deposit - Delacroix Events check 2273,Delacroix Events,,1200,483.03,50430.72
GL-56497,09/20/2026,CD-809207,Eastbay Parts Warehouse inv 32623,Eastbay Parts Warehouse,,2000,(1556.81),48873.91
GL-56498,09/20/2026,CD-907208,Parts - Eastbay Parts Warehouse,Eastbay Parts Warehouse,,5000,(739.40),48134.51
GL-56499,09/20/2026,CR-363209,Deposit - Juniper Tech Labs check 2513,Juniper Tech Labs,,1200,4802.55,52937.06
GL-56500,09/20/2026,CD-361210,Wire to Cleanstream Oil Recycling,Cleanstream Oil Recycling,,2000,(430.25),52506.81
GL-56501,09/20/2026,CD-283211,Eastbay Parts Warehouse inv 99784,Eastbay Parts Warehouse,,2000,(213.43),52293.38
GL-56502,09/20/2026,CD-121212,Parts - Eastbay Parts Warehouse,Eastbay Parts Warehouse,,5000,(167.25),52126.13
GL-56503,09/21/2026,CD-488213,Parts - Eastbay Parts Warehouse,Eastbay Parts Warehouse,,5000,(237.80),51888.33
GL-56504,09/21/2026,CD-344214,Cleanstream Oil Recycling inv 42351,Cleanstream Oil Recycling,,2000,(47.70),51840.63
GL-56505,09/21/2026,CD-551215,Tires - Precision Tire Wholesale,Precision Tire Wholesale,,5000,(320.04),51520.59
GL-56506,09/21/2026,CR-582216,PaySwift payout 9/21,PaySwift,,4100,2165.98,53686.57
GL-56507,09/21/2026,CR-232217,PaySwift payout 9/21,PaySwift,,4100,1859.21,55545.78
GL-56508,09/22/2026,CD-650218,Sales tax remittance Q3 installment,CA Dept of Tax and Fee Admin,,2300,(2881.07),52664.71
GL-56509,09/22/2026,CR-545219,PaySwift payout 9/22,PaySwift,,4100,696.78,53361.49
GL-56510,09/22/2026,CD-566220,Eastbay Parts Warehouse inv 47042,Eastbay Parts Warehouse,,2000,(454.68),52906.81
GL-56511,09/22/2026,CD-415221,Parts - Eastbay Parts Warehouse,Eastbay Parts Warehouse,,5000,(704.57),52202.24
GL-56512,09/22/2026,CD-928222,Wire to Eastbay Parts Warehouse,Eastbay Parts Warehouse,,2000,(4218.09),47984.15
GL-56513,09/22/2026,CD-940223,Parts - Eastbay Parts Warehouse,Eastbay Parts Warehouse,,5000,(404.35),47579.80
GL-56514,09/22/2026,CR-173224,PaySwift payout 9/22,PaySwift,,4100,1169.80,48749.60
GL-56515,09/22/2026,CR-678225,Deposit - Sequoia Grocers check 7749,Sequoia Grocers,,1200,2286.84,51036.44
GL-56516,09/22/2026,CD-839226,Wire to Precision Tire Wholesale,Precision Tire Wholesale,,2000,(5415.39),45621.05
GL-56517,09/22/2026,CD-649227,Tires - Precision Tire Wholesale,Precision Tire Wholesale,,5000,(476.54),45144.51
GL-56518,09/22/2026,CD-742228,Tires - Precision Tire Wholesale,Precision Tire Wholesale,,5000,(134.68),45009.83
GL-56519,09/22/2026,CR-840229,Payment - Coastside Realty INV-8581,Coastside Realty,,1200,2011.96,47021.79
GL-56520,09/22/2026,CR-423230,Deposit - Marin Wellness Center check 1465,Marin Wellness Center,,1200,566.23,47588.02
GL-56521,09/23/2026,CR-257231,PaySwift payout 9/23,PaySwift,,4100,718.42,48306.44
GL-56522,09/23/2026,CD-301232,Tools - Gearhead Tool Supply,Gearhead Tool Supply,,6400,(279.64),48026.80
GL-56523,09/23/2026,CD-842233,Tools - Gearhead Tool Supply,Gearhead Tool Supply,,6400,(54.12),47972.68
GL-56524,09/23/2026,CD-443234,Eastbay Parts Warehouse inv 48461,Eastbay Parts Warehouse,,2000,(1191.63),46781.05
GL-56525,09/23/2026,CD-773235,Waste oil - Cleanstream Oil Recycling,Cleanstream Oil Recycling,,6600,(59.28),46721.77
GL-56526,09/23/2026,CR-543236,PaySwift payout 9/23,PaySwift,,4100,604.87,47326.64
GL-56527,09/23/2026,CR-190237,PaySwift payout 9/23,PaySwift,,4100,729.62,48056.26
GL-56528,09/23/2026,CR-865238,PaySwift payout 9/23,PaySwift,,4100,815.06,48871.32
GL-56529,09/24/2026,CR-973239,Payment - Delacroix Events INV-9103,Delacroix Events,,1200,3573.39,52444.71
GL-56530,09/24/2026,CD-691240,Wire to Cleanstream Oil Recycling,Cleanstream Oil Recycling,,2000,(222.67),52222.04
GL-56531,09/24/2026,CD-592241,Tires - Precision Tire Wholesale,Precision Tire Wholesale,,5000,(402.72),51819.32
GL-56532,09/24/2026,CR-421242,PaySwift payout 9/24,PaySwift,,4100,2072.93,53892.25
GL-56533,09/24/2026,CD-184243,Tools - Gearhead Tool Supply,Gearhead Tool Supply,,6400,(98.48),53793.77
GL-56534,09/24/2026,CD-445244,Waste oil - Cleanstream Oil Recycling,Cleanstream Oil Recycling,,6600,(47.63),53746.14
GL-56535,09/24/2026,CD-887245,Check #4503 Precision Tire Wholesale,Precision Tire Wholesale,4503,2000,(1981.78),51764.36
GL-56536,09/25/2026,CR-898246,Deposit - Juniper Tech Labs check 4470,Juniper Tech Labs,,1200,3301.01,55065.37
GL-56537,09/25/2026,CD-161247,Eastbay Parts Warehouse inv 55832,Eastbay Parts Warehouse,,2000,(293.32),54772.05
GL-56538,09/25/2026,CD-375248,Tools - Gearhead Tool Supply,Gearhead Tool Supply,,6400,(107.96),54664.09
GL-56539,09/25/2026,CR-321249,Deposit - Bayline Offices check 1223,Bayline Offices,,1200,232.01,54896.10
GL-56540,09/25/2026,CR-893250,PaySwift payout 9/25,PaySwift,,4100,593.64,55489.74
GL-56541,09/25/2026,CR-818251,PaySwift payout 9/25,PaySwift,,4100,2006.57,57496.31
GL-56542,09/25/2026,CD-362252,Waste oil - Cleanstream Oil Recycling,Cleanstream Oil Recycling,,6600,(25.64),57470.67
GL-56543,09/26/2026,CD-215253,Cleanstream Oil Recycling inv 57560,Cleanstream Oil Recycling,,2000,(120.25),57350.42
GL-56544,09/26/2026,CD-225254,Eastbay Parts Warehouse inv 67587,Eastbay Parts Warehouse,,2000,(1685.21),55665.21
GL-56545,09/27/2026,CD-801255,Wire to Eastbay Parts Warehouse,Eastbay Parts Warehouse,,2000,(5882.34),49782.87
GL-56546,09/27/2026,CD-830256,Wire to Precision Tire Wholesale,Precision Tire Wholesale,,2000,(2861.62),46921.25
GL-56547,09/28/2026,CD-184257,Check #4504 Eastbay Parts Warehouse,Eastbay Parts Warehouse,4504,2000,(2144.14),44777.11
GL-56548,09/29/2026,PR-591258,Payroll run 9/29,Ledgerly Payroll,,6200,(20417.97),24359.14
GL-56549,09/30/2026,CR-262259,Deposit - Fairway Senior Living check 3505,Fairway Senior Living,,1200,1799.12,26158.26
