Booking Date;Text;Amount;Balance;Transaction ID
2026-09-01;DEPOSIT 42365;5430.04;62550.13;22136622691
2026-09-01;DEPOSIT 43267;2904.55;65454.68;32961956587
2026-09-01;DEPOSIT 12210;3808.93;69263.61;49277252515
2026-09-01;DEPOSIT 28735;3151.40;72415.01;83439034963
2026-09-01;CHECK 3118;-238.77;72176.24;80606660286
2026-09-01;WIRE OUT COASTAL VET DISTRIBUTORS REF 880686;-5553.94;66622.30;35430417411
2026-09-01;WIRE OUT HARBORVIEW LAB SERVICES REF 450344;-2615.46;64006.84;35345489351
2026-09-01;ACH DEBIT KINDRED PET FOOD SUPPLY 315805;-311.69;63695.15;35450745371
2026-09-01;WIRE OUT HARBORVIEW LAB SERVICES REF 539192;-2088.80;61606.35;65982479981
2026-09-01;ACH DEBIT HARBORVIEW LAB SERVICES 316161;-1166.08;60440.27;84228854575
2026-09-01;DEBIT CARD PURCHASE COASTAL VET DISTRIBUTO;-657.70;59782.57;34958804051
2026-09-01;DEBIT CARD PURCHASE COASTAL VET DISTRIBUTO;-881.88;58900.69;23030154470
2026-09-02;BRANCH DEPOSIT 26410;2023.21;60923.90;22754285668
2026-09-02;DEPOSIT 62019;3076.73;64000.63;86051289719
2026-09-02;ACH CREDIT PAYSWIFT PAYOUT 88426104;865.72;64866.35;53333443530
2026-09-02;ACH CREDIT LINDQVIST FAMILY TRUST 1458;844.45;65710.80;95120113491
2026-09-02;DEBIT CARD PURCHASE COASTAL VET DISTRIBUTO;-363.78;65347.02;89482960418
2026-09-02;WIRE OUT SEABRIGHT MEDICAL WASTE REF 664208;-436.96;64910.06;47467787616
2026-09-02;POS 2868 KINDRED PET FOOD SUPPL HALF MOON BAY;-89.99;64820.07;68520729198
2026-09-02;POS 2868 HARBORVIEW LAB SERVICE HALF MOON BAY;-428.81;64391.26;65040626424
2026-09-03;MOBILE DEPOSIT 86341;3489.49;67880.75;22892559230
2026-09-03;ACH CREDIT PAYSWIFT PAYOUT 67012446;1414.52;69295.27;13222092312
2026-09-03;ACH CREDIT JUNIPER TECH LABS 2700;859.52;70154.79;93670643251
2026-09-03;BRANCH DEPOSIT 33798;3204.88;73359.67;76467297769
2026-09-03;MOBILE DEPOSIT 46712;1693.38;75053.05;71007257337
2026-09-03;POS 2868 HARBORVIEW LAB SERVICE HALF MOON BAY;-108.56;74944.49;52321378387
2026-09-03;DEBIT CARD PURCHASE HARBORVIEW LAB SERVICE;-463.16;74481.33;27339293697
2026-09-03;POS 2868 COASTAL VET DISTRIBUTO HALF MOON BAY;-1125.77;73355.56;77615295804
2026-09-03;DEBIT CARD PURCHASE HARBORVIEW LAB SERVICE;-212.90;73142.66;88099614560
2026-09-04;ACH CREDIT PAYSWIFT PAYOUT 43492938;468.64;73611.30;62995727807
2026-09-04;ACH CREDIT PAYSWIFT PAYOUT 90258233;540.41;74151.71;70468534327
2026-09-04;ACH DEBIT BAYSHORE MUTUAL INS PREM;-804.37;73347.34;46219519375
2026-09-04;DEBIT CARD PURCHASE KINDRED PET FOOD SUPPL;-420.60;72926.74;28198449248
2026-09-04;ACH DEBIT KINDRED PET FOOD SUPPLY 315721;-1179.64;71747.10;71033850193
2026-09-04;WIRE OUT SEABRIGHT MEDICAL WASTE REF 695771;-499.83;71247.27;63245944833
2026-09-04;ACH DEBIT SEABRIGHT MEDICAL WASTE 316002;-195.06;71052.21;34155156537
2026-09-04;WIRE OUT HARBORVIEW LAB SERVICES REF 827839;-2017.03;69035.18;88896541617
2026-09-04;POS 2868 SEABRIGHT MEDICAL WAST HALF MOON BAY;-22.06;69013.12;32086978250
2026-09-04;POS 2868 KINDRED PET FOOD SUPPL HALF MOON BAY;-358.18;68654.94;64927917177
2026-09-04;DEBIT CARD PURCHASE SEABRIGHT MEDICAL WAST;-25.02;68629.92;63856364571
2026-09-04;POS 2868 SEABRIGHT MEDICAL WAST HALF MOON BAY;-45.15;68584.77;29914032297
2026-09-07;ACH CREDIT BAYLINE OFFICES 6333;2641.17;71225.94;17433590612
2026-09-07;ACH CREDIT JUNIPER TECH LABS 9893;4013.91;75239.85;43984909761
2026-09-07;DEPOSIT 43389;3296.40;78536.25;73650792158
2026-09-07;ACH CREDIT KESTREL MEDIA 3893;2011.95;80548.20;60937953855
2026-09-07;ACH CREDIT PAYSWIFT PAYOUT 96709934;1641.86;82190.06;20703696083
2026-09-07;ACH CREDIT PAYSWIFT PAYOUT 46917721;1366.84;83556.90;13293929428
2026-09-07;ACH CREDIT PAYSWIFT PAYOUT 64655168;1681.47;85238.37;98629062808
2026-09-07;ACH CREDIT PAYSWIFT PAYOUT 35672921;1232.34;86470.71;70804994581
2026-09-07;ACH CREDIT PAYSWIFT PAYOUT 33060879;445.74;86916.45;67834887689
2026-09-07;ACH DEBIT MERIDIAN PROPERTY MGMT RENT;-5661.83;81254.62;29797153543
2026-09-07;WIRE OUT COASTAL VET DISTRIBUTORS REF 343559;-4817.33;76437.29;36151789120
2026-09-07;ACH DEBIT HARBORVIEW LAB SERVICES 315752;-817.62;75619.67;93895986653
2026-09-07;WIRE OUT HARBORVIEW LAB SERVICES REF 636018;-2792.20;72827.47;63997152763
2026-09-07;POS 2868 SEABRIGHT MEDICAL WAST HALF MOON BAY;-72.19;72755.28;17777252428
2026-09-07;ACH DEBIT COASTAL VET DISTRIBUTORS 315896;-3712.11;69043.17;58568588928
2026-09-07;WIRE OUT HARBORVIEW LAB SERVICES REF 965572;-3114.21;65928.96;68499239193
2026-09-07;POS 2868 HARBORVIEW LAB SERVICE HALF MOON BAY;-385.31;65543.65;92738883220
2026-09-07;POS 2868 COASTAL VET DISTRIBUTO HALF MOON BAY;-1043.48;64500.17;53090426191
2026-09-07;DEBIT CARD PURCHASE COASTAL VET DISTRIBUTO;-410.20;64089.97;72112387807
2026-09-07;CHECK 3146;-667.13;63422.84;34377410649
2026-09-07;ACH DEBIT KINDRED PET FOOD SUPPLY 316247;-844.29;62578.55;95850164379
2026-09-07;DEBIT CARD PURCHASE COASTAL VET DISTRIBUTO;-247.07;62331.48;30559853274
2026-09-07;DEBIT CARD PURCHASE KINDRED PET FOOD SUPPL;-33.43;62298.05;24276131692
2026-09-07;ACH DEBIT COASTAL VET DISTRIBUTORS 316362;-3405.23;58892.82;51917337193
2026-09-07;CHECK 3156;-2316.93;56575.89;56562832867
2026-09-07;WIRE OUT COASTAL VET DISTRIBUTORS REF 991425;-7154.53;49421.36;74050475814
2026-09-07;ACH DEBIT KINDRED PET FOOD SUPPLY 316478;-526.62;48894.74;33257806144
2026-09-07;CHECK 3159;-235.16;48659.58;57542563238
2026-09-07;ACH DEBIT HARBORVIEW LAB SERVICES 316521;-680.90;47978.68;76535618372
2026-09-08;ACH CREDIT LINDQVIST FAMILY TRUST 5455;1457.67;49436.35;85770065587
2026-09-08;MOBILE DEPOSIT 43204;869.49;50305.84;42291219147
2026-09-08;ACH DEBIT CLOUDLEDGER SUBSCRIPTION;-99.59;50206.25;84209308860
2026-09-08;CHECK 3123;-1076.60;49129.65;60518630645
2026-09-08;ACH DEBIT COASTAL VET DISTRIBUTORS 315878;-1966.61;47163.04;44913147097
2026-09-08;CHECK 3132;-442.08;46720.96;22564124813
2026-09-08;WIRE OUT COASTAL VET DISTRIBUTORS REF 965611;-5474.35;41246.61;31328694492
2026-09-08;ACH DEBIT SEABRIGHT MEDICAL WASTE 316291;-234.34;41012.27;27103674599
2026-09-08;ACH DEBIT HARBORVIEW LAB SERVICES 593930;-1240.73;39771.54;26992653573
2026-09-09;ACH CREDIT PAYSWIFT PAYOUT 93975108;1294.50;41066.04;25079077496
2026-09-09;ACH CREDIT PAYSWIFT PAYOUT 48423486;1014.57;42080.61;56826454309
2026-09-09;MOBILE DEPOSIT 22230;2844.99;44925.60;92533290515
2026-09-09;ACH CREDIT PAYSWIFT PAYOUT 18675620;716.61;45642.21;91863697131
2026-09-09;ACH CREDIT PAYSWIFT PAYOUT 92379759;1310.73;46952.94;25224065181
2026-09-09;ACH CREDIT PAYSWIFT PAYOUT 74812043;657.17;47610.11;98390305292
2026-09-09;ACH CREDIT KESTREL MEDIA 6752;1855.94;49466.05;87891806105
2026-09-09;MOBILE DEPOSIT 84815;141.92;49607.97;17916225038
2026-09-09;CHECK 3117;-886.76;48721.21;76377013198
2026-09-09;CHECK 3126;-780.27;47940.94;61685353569
2026-09-09;CHECK 3127;-724.38;47216.56;41322930769
2026-09-09;DEBIT CARD PURCHASE SEABRIGHT MEDICAL WAST;-80.28;47136.28;63145283069
2026-09-09;POS 2868 KINDRED PET FOOD SUPPL HALF MOON BAY;-408.95;46727.33;35841041995
2026-09-09;POS 2868 HARBORVIEW LAB SERVICE HALF MOON BAY;-150.63;46576.70;88630261405
2026-09-09;WIRE OUT SEABRIGHT MEDICAL WASTE REF 636455;-436.93;46139.77;20583695970
2026-09-09;WIRE OUT SEABRIGHT MEDICAL WASTE REF 733315;-383.48;45756.29;16730677986
2026-09-09;WIRE OUT HARBORVIEW LAB SERVICES REF 455908;-1677.13;44079.16;29151098090
2026-09-09;POS 2868 SEABRIGHT MEDICAL WAST HALF MOON BAY;-49.95;44029.21;77941860798
2026-09-10;ACH CREDIT KESTREL MEDIA 9400;3800.14;47829.35;95033509462
2026-09-10;ACH CREDIT PAYSWIFT PAYOUT 96137472;905.82;48735.17;57630061601
2026-09-10;ACH CREDIT PAYSWIFT PAYOUT 79928722;1678.13;50413.30;74744459733
2026-09-10;MOBILE DEPOSIT 49051;1338.33;51751.63;59472672952
2026-09-10;ACH CREDIT PAYSWIFT PAYOUT 60784016;1285.25;53036.88;81930561351
2026-09-10;DEPOSIT 88439;2242.06;55278.94;72716469492
2026-09-10;ACH DEBIT COASTAL VET DISTRIBUTORS 315818;-761.77;54517.17;96363784231
2026-09-10;ACH DEBIT HARBORVIEW LAB SERVICES 316035;-899.24;53617.93;87968483490
2026-09-10;CHECK 3139;-1362.95;52254.98;45759843374
2026-09-10;CHECK 3140;-190.65;52064.33;46361733906
2026-09-11;DEPOSIT 12092;2789.91;54854.24;54105752911
2026-09-11;ACH CREDIT PAYSWIFT PAYOUT 99538581;1274.07;56128.31;19324655172
2026-09-11;DEPOSIT 34400;3789.59;59917.90;81402454942
2026-09-11;BRANCH DEPOSIT 83019;349.80;60267.70;28345639588
2026-09-11;DEPOSIT 23045;2976.35;63244.05;29373336578
2026-09-11;ACH CREDIT PAYSWIFT PAYOUT 50151903;1544.89;64788.94;70633894892
2026-09-11;ACH CREDIT PAYSWIFT PAYOUT 74042804;1582.92;66371.86;27500056336
2026-09-11;ACH CREDIT PAYSWIFT PAYOUT 55016912;1513.91;67885.77;35596211787
2026-09-11;ACH CREDIT LINDQVIST FAMILY TRUST 3215;1990.81;69876.58;99327350007
2026-09-11;MOBILE DEPOSIT 24390;530.09;70406.67;91002942307
2026-09-11;ACH CREDIT PAYSWIFT PAYOUT 63331027;1263.63;71670.30;44526248377
2026-09-11;ACH DEBIT SEABRIGHT MEDICAL WASTE 315671;-177.10;71493.20;80871495843
2026-09-11;WIRE OUT KINDRED PET FOOD SUPPLY REF 891283;-1803.81;69689.39;36860457846
2026-09-11;POS 2868 SEABRIGHT MEDICAL WAST HALF MOON BAY;-25.41;69663.98;60203473445
2026-09-11;POS 2868 SEABRIGHT MEDICAL WAST HALF MOON BAY;-26.52;69637.46;59807037703
2026-09-11;WIRE OUT KINDRED PET FOOD SUPPLY REF 147386;-2009.53;67627.93;43394636669
2026-09-11;ACH DEBIT HARBORVIEW LAB SERVICES 316329;-582.85;67045.08;47173349645
2026-09-14;DEPOSIT 62169;1329.70;68374.78;32186100973
2026-09-14;ACH CREDIT PAYSWIFT PAYOUT 75949426;289.93;68664.71;20847202415
2026-09-14;ACH CREDIT PAYSWIFT PAYOUT 56646198;549.17;69213.88;52402860046
2026-09-14;ACH CREDIT MARIN WELLNESS CENTER 3046;109.11;69322.99;15441942183
2026-09-14;ACH CREDIT PAYSWIFT PAYOUT 44183811;1592.48;70915.47;73663773503
2026-09-14;ACH CREDIT PAYSWIFT PAYOUT 39340553;1417.79;72333.26;77283520291
2026-09-14;ACH CREDIT PAYSWIFT PAYOUT 80707104;1518.32;73851.58;52649850861
2026-09-14;ACH CREDIT LINDQVIST FAMILY TRUST 2925;3898.84;77750.42;77221823863
2026-09-14;MOBILE DEPOSIT 54041;763.71;78514.13;91530766028
2026-09-14;ACH CREDIT MARIN WELLNESS CENTER 3309;357.38;78871.51;64689778536
2026-09-14;ACH CREDIT PAYSWIFT PAYOUT 21180884;305.19;79176.70;65955403850
2026-09-14;DEPOSIT 31504;2018.51;81195.21;84426050326
2026-09-14;ACH CREDIT PAYSWIFT PAYOUT 26092051;686.44;81881.65;77632747542
2026-09-14;DEPOSIT 49892;1466.45;83348.10;51999516058
2026-09-14;ACH CREDIT PAYSWIFT PAYOUT 17198705;1182.09;84530.19;48669108974
2026-09-14;ACH CREDIT KESTREL MEDIA 6051;2449.76;86979.95;37093918883
2026-09-14;CHECK 3120;-564.56;86415.39;71505696801
2026-09-14;CHECK 3121;-103.25;86312.14;48520755780
2026-09-14;CHECK 3122;-623.74;85688.40;70905140168
2026-09-14;CHECK 3125;-1039.18;84649.22;40518029210
2026-09-14;POS 2868 SEABRIGHT MEDICAL WAST HALF MOON BAY;-47.12;84602.10;89585089779
2026-09-14;POS 2868 SEABRIGHT MEDICAL WAST HALF MOON BAY;-77.62;84524.48;55231947883
2026-09-14;CHECK 3129;-648.40;83876.08;88869291601
2026-09-14;DEBIT CARD PURCHASE HARBORVIEW LAB SERVICE;-477.62;83398.46;37622262147
2026-09-14;ACH DEBIT KINDRED PET FOOD SUPPLY 315821;-523.19;82875.27;50955876983
2026-09-14;WIRE OUT KINDRED PET FOOD SUPPLY REF 508944;-2552.30;80322.97;54781956119
2026-09-14;CHECK 3134;-486.86;79836.11;32455401664
2026-09-14;ACH DEBIT KINDRED PET FOOD SUPPLY 315932;-1244.74;78591.37;27752363093
2026-09-14;WIRE OUT COASTAL VET DISTRIBUTORS REF 999939;-5348.64;73242.73;76151047921
2026-09-14;POS 2868 HARBORVIEW LAB SERVICE HALF MOON BAY;-167.43;73075.30;23033662285
2026-09-14;POS 2868 SEABRIGHT MEDICAL WAST HALF MOON BAY;-23.61;73051.69;68223974711
2026-09-14;WIRE OUT KINDRED PET FOOD SUPPLY REF 620002;-2435.47;70616.22;95809275848
2026-09-14;CHECK 3136;-272.36;70343.86;42079400477
2026-09-14;CHECK 3138;-508.33;69835.53;69214986400
2026-09-14;ACH DEBIT COASTAL VET DISTRIBUTORS 316114;-3267.52;66568.01;12548317142
2026-09-14;POS 2868 HARBORVIEW LAB SERVICE HALF MOON BAY;-239.63;66328.38;16052970250
2026-09-14;ACH DEBIT KINDRED PET FOOD SUPPLY 316234;-855.65;65472.73;33761121940
2026-09-14;CHECK 3147;-541.29;64931.44;59065989666
2026-09-14;CHECK 3149;-900.76;64030.68;38888833349
2026-09-14;DEBIT CARD PURCHASE COASTAL VET DISTRIBUTO;-1206.74;62823.94;85757379313
2026-09-14;ACH DEBIT KINDRED PET FOOD SUPPLY 316414;-422.02;62401.92;21089645809
2026-09-14;ACH DEBIT SEABRIGHT MEDICAL WASTE 316460;-158.40;62243.52;43865573321
2026-09-14;CHECK 3162;-565.19;61678.33;97270567882
2026-09-15;ACH CREDIT PAYSWIFT PAYOUT 87497133;441.31;62119.64;14009439052
2026-09-15;MOBILE DEPOSIT 46209;827.60;62947.24;33937772177
2026-09-15;MOBILE DEPOSIT 20517;3654.21;66601.45;76945463856
2026-09-15;ACH CREDIT KESTREL MEDIA 7984;2231.46;68832.91;30297363607
2026-09-15;ACH CREDIT EVERGREEN CHARTER SCHOOL 8446;3705.72;72538.63;86191342166
2026-09-15;MOBILE DEPOSIT 19087;3563.29;76101.92;35822291719
2026-09-15;ACH DEBIT COASTLINE POWER AND WATER;-1203.44;74898.48;87207790238
2026-09-15;ACH DEBIT LEDGERLY PAYROLL PPD;-14680.03;60218.45;87129490224
2026-09-15;ACH DEBIT HARBORVIEW LAB SERVICES 315786;-1234.85;58983.60;68737879736
2026-09-15;ACH DEBIT HARBORVIEW LAB SERVICES 315937;-191.58;58792.02;43261200985
2026-09-15;WIRE OUT COASTAL VET DISTRIBUTORS REF 433458;-4888.23;53903.79;29862103119
2026-09-15;CHECK 3151;-248.39;53655.40;29921700873
2026-09-15;WIRE OUT KINDRED PET FOOD SUPPLY REF 660373;-2110.15;51545.25;31962859089
2026-09-15;DEBIT CARD PURCHASE SEABRIGHT MEDICAL WAST;-16.81;51528.44;37140802289
2026-09-16;DEPOSIT 55234;1361.58;52890.02;21042167466
2026-09-16;ACH CREDIT PAYSWIFT PAYOUT 93363161;1725.50;54615.52;83196033042
2026-09-16;CHECK 3128;-219.36;54396.16;73195330354
2026-09-16;CHECK 3141;-511.59;53884.57;50530189568
2026-09-16;WIRE OUT KINDRED PET FOOD SUPPLY REF 121028;-1931.24;51953.33;35563443930
2026-09-16;CHECK 3152;-502.53;51450.80;56745674184
2026-09-16;DEBIT CARD PURCHASE KINDRED PET FOOD SUPPL;-376.63;51074.17;61973669396
2026-09-16;CHECK 3155;-138.08;50936.09;96957391879
2026-09-16;ACH DEBIT HARBORVIEW LAB SERVICES 316486;-1383.54;49552.55;58015573653
2026-09-16;RETURNED ITEM NSF CHK 3126;-2242.06;47310.49;82006372909
2026-09-17;ACH CREDIT PAYSWIFT PAYOUT 73407847;294.17;47604.66;65422216878
2026-09-17;ACH CREDIT PAYSWIFT PAYOUT 61652612;953.31;48557.97;92031255316
2026-09-17;BRANCH DEPOSIT 28678;1689.60;50247.57;10940379220
2026-09-17;ACH CREDIT PAYSWIFT PAYOUT 65678296;1341.84;51589.41;23077607738
2026-09-17;ACH CREDIT LINDQVIST FAMILY TRUST 9231;3793.33;55382.74;35587848913
2026-09-17;ACH CREDIT PAYSWIFT PAYOUT 16615704;700.12;56082.86;48823252948
2026-09-17;DEPOSIT 28838;2279.73;58362.59;89542457636
2026-09-17;POS 2868 HARBORVIEW LAB SERVICE HALF MOON BAY;-298.49;58064.10;74001729571
2026-09-17;WIRE OUT KINDRED PET FOOD SUPPLY REF 273534;-2666.76;55397.34;10754479793
2026-09-17;ACH DEBIT COASTAL VET DISTRIBUTORS 316094;-349.35;55047.99;45854573464
2026-09-17;CHECK 3142;-1388.46;53659.53;48207857588
2026-09-17;CHECK 3143;-2974.19;50685.34;57192139845
2026-09-17;CHECK 3145;-1271.53;49413.81;57794296665
2026-09-17;CHECK 3153;-1224.39;48189.42;14263477894
2026-09-17;ACH DEBIT HARBORVIEW LAB SERVICES 316434;-1340.06;46849.36;29776590341
2026-09-18;ACH CREDIT JUNIPER TECH LABS 1472;1599.26;48448.62;38833133165
2026-09-18;ACH CREDIT MARIN WELLNESS CENTER 7273;2328.08;50776.70;65476359333
2026-09-18;ACH CREDIT COASTSIDE REALTY 7307;3003.41;53780.11;89752589219
2026-09-18;ACH CREDIT PAYSWIFT PAYOUT 32565369;1032.56;54812.67;22279465908
2026-09-18;DEPOSIT 84622;3565.51;58378.18;34797113754
2026-09-18;DEBIT CARD PURCHASE HARBORVIEW LAB SERVICE;-177.64;58200.54;26276749134
2026-09-18;DEBIT CARD PURCHASE COASTAL VET DISTRIBUTO;-1266.10;56934.44;99163828994
2026-09-18;POS 2868 HARBORVIEW LAB SERVICE HALF MOON BAY;-425.88;56508.56;81481935766
2026-09-18;ACH DEBIT SEABRIGHT MEDICAL WASTE 316127;-205.10;56303.46;84232433772
2026-09-18;ACH DEBIT HARBORVIEW LAB SERVICES 316231;-425.47;55877.99;93499253459
2026-09-18;POS 2868 HARBORVIEW LAB SERVICE HALF MOON BAY;-260.75;55617.24;32443733107
2026-09-18;POS 2868 KINDRED PET FOOD SUPPL HALF MOON BAY;-186.20;55431.04;30522871985
2026-09-18;POS 2868 HARBORVIEW LAB SERVICE HALF MOON BAY;-459.69;54971.35;63196931126
2026-09-21;ACH CREDIT KESTREL MEDIA 4703;2965.77;57937.12;39628021101
2026-09-21;ACH CREDIT RIVERA CATERING 5537;1715.43;59652.55;41833873585
2026-09-21;ACH CREDIT PAYSWIFT PAYOUT 27099766;900.58;60553.13;18268839845
2026-09-21;ACH CREDIT JUNIPER TECH LABS 8274;505.22;61058.35;99140075796
2026-09-21;ACH CREDIT PAYSWIFT PAYOUT 48687697;1705.28;62763.63;70965618941
2026-09-21;ACH CREDIT PAYSWIFT PAYOUT 20888804;799.99;63563.62;93026864358
2026-09-21;ACH CREDIT PAYSWIFT PAYOUT 16095306;203.69;63767.31;61546844049
2026-09-21;DEPOSIT 91795;2625.31;66392.62;67259522774
2026-09-21;DEPOSIT 23240;3868.77;70261.39;92444623402
2026-09-21;ACH CREDIT PAYSWIFT PAYOUT 51558072;449.34;70710.73;68930128368
2026-09-21;ACH CREDIT COASTSIDE REALTY 2568;3972.35;74683.08;41939463433
2026-09-21;DEPOSIT 29817;2295.63;76978.71;40113178038
2026-09-21;DEPOSIT 32713;2567.30;79546.01;68385144895
2026-09-21;BRANCH DEPOSIT 30100;2553.25;82099.26;57843873484
2026-09-21;ACH DEBIT FIRST COAST BANK LOAN PMT;-1133.71;80965.55;77675746255
2026-09-21;POS 2868 KINDRED PET FOOD SUPPL HALF MOON BAY;-383.71;80581.84;76091056718
2026-09-21;DEBIT CARD PURCHASE HARBORVIEW LAB SERVICE;-408.13;80173.71;58964289791
2026-09-21;ACH DEBIT KINDRED PET FOOD SUPPLY 315689;-971.84;79201.87;57868569836
2026-09-21;ACH DEBIT KINDRED PET FOOD SUPPLY 315724;-640.72;78561.15;57429339623
2026-09-21;CHECK 3130;-876.67;77684.48;47996226639
2026-09-21;CHECK 3131;-615.95;77068.53;44660583609
2026-09-21;POS 2868 KINDRED PET FOOD SUPPL HALF MOON BAY;-266.80;76801.73;12997260722
2026-09-21;ACH DEBIT COASTAL VET DISTRIBUTORS 315842;-2906.90;73894.83;78745180318
2026-09-21;ACH DEBIT HARBORVIEW LAB SERVICES 315905;-520.79;73374.04;58781571249
2026-09-21;DEBIT CARD PURCHASE COASTAL VET DISTRIBUTO;-1077.71;72296.33;82365955207
2026-09-21;POS 2868 HARBORVIEW LAB SERVICE HALF MOON BAY;-465.42;71830.91;87480948711
2026-09-21;ACH DEBIT SEABRIGHT MEDICAL WASTE 315919;-176.03;71654.88;97618143336
2026-09-21;POS 2868 HARBORVIEW LAB SERVICE HALF MOON BAY;-164.71;71490.17;42589731562
2026-09-21;CHECK 3135;-228.88;71261.29;75414219598
2026-09-21;CHECK 3137;-167.58;71093.71;85414143415
2026-09-21;POS 2868 HARBORVIEW LAB SERVICE HALF MOON BAY;-138.02;70955.69;10644589844
2026-09-21;ACH DEBIT KINDRED PET FOOD SUPPLY 316192;-290.35;70665.34;87230953690
2026-09-21;POS 2868 KINDRED PET FOOD SUPPL HALF MOON BAY;-66.35;70598.99;63586299762
2026-09-21;CHECK 3148;-931.95;69667.04;92239242332
2026-09-21;CHECK 3150;-266.76;69400.28;86998079820
2026-09-21;DEBIT CARD PURCHASE KINDRED PET FOOD SUPPL;-406.57;68993.71;66788408178
2026-09-21;DEBIT CARD PURCHASE HARBORVIEW LAB SERVICE;-159.76;68833.95;61599261980
2026-09-21;ACH DEBIT KINDRED PET FOOD SUPPLY 316444;-1163.63;67670.32;70442073811
2026-09-22;ACH CREDIT JUNIPER TECH LABS 2684;1369.18;69039.50;71025284146
2026-09-22;ACH CREDIT PAYSWIFT PAYOUT 69720221;1669.21;70708.71;23752658086
2026-09-22;MOBILE DEPOSIT 49861;298.82;71007.53;83439393597
2026-09-22;ACH CREDIT PAYSWIFT PAYOUT 51072205;1425.45;72432.98;47354536095
2026-09-22;ACH CREDIT KESTREL MEDIA 3672;1248.24;73681.22;86488957893
2026-09-22;ACH CREDIT RIVERA CATERING 1555;381.22;74062.44;89327949051
2026-09-22;DEBIT CARD PURCHASE KINDRED PET FOOD SUPPL;-330.73;73731.71;48381210390
2026-09-22;DEBIT CARD PURCHASE KINDRED PET FOOD SUPPL;-78.89;73652.82;13884119833
2026-09-22;POS 2868 HARBORVIEW LAB SERVICE HALF MOON BAY;-330.18;73322.64;72956644824
2026-09-22;ACH DEBIT COASTAL VET DISTRIBUTORS 316344;-391.89;72930.75;22561075621
2026-09-22;ACH DEBIT SEABRIGHT MEDICAL WASTE 316390;-219.50;72711.25;80135351219
2026-09-22;CHECK 3157;-3334.29;69376.96;40461580333
2026-09-23;ACH CREDIT BAYLINE OFFICES 6367;3627.91;73004.87;11627804293
2026-09-23;ACH CREDIT PAYSWIFT PAYOUT 46174341;712.81;73717.68;66547615759
2026-09-23;ACH CREDIT BAYLINE OFFICES 6056;1431.67;75149.35;19675186409
2026-09-23;ACH CREDIT PAYSWIFT PAYOUT 40755804;277.61;75426.96;19329697182
2026-09-23;ACH CREDIT PAYSWIFT PAYOUT 59249434;797.50;76224.46;54816453134
2026-09-23;ACH CREDIT PAYSWIFT PAYOUT 55708465;1015.64;77240.10;61114310799
2026-09-23;ACH CREDIT MARIN WELLNESS CENTER 6398;1886.99;79127.09;22823215953
2026-09-23;BRANCH DEPOSIT 89648;4045.67;83172.76;71079419527
2026-09-23;ACH DEBIT CA DEPT TAX FEE ADMIN;-3977.05;79195.71;90921635784
2026-09-23;DEBIT CARD PURCHASE HARBORVIEW LAB SERVICE;-319.15;78876.56;46044171710
2026-09-23;CHECK 3124;-838.96;78037.60;74467694151
2026-09-23;ACH DEBIT KINDRED PET FOOD SUPPLY 315770;-1086.35;76951.25;72745949165
2026-09-23;POS 2868 SEABRIGHT MEDICAL WAST HALF MOON BAY;-67.96;76883.29;69925067421
2026-09-23;DEBIT CARD PURCHASE HARBORVIEW LAB SERVICE;-40.73;76842.56;43129474964
2026-09-23;CHECK 3133;-506.08;76336.48;40089607279
2026-09-23;ACH DEBIT SEABRIGHT MEDICAL WASTE 315972;-173.39;76163.09;60815067172
2026-09-24;ACH CREDIT JUNIPER TECH LABS 9773;3294.47;79457.56;78751853481
2026-09-24;ACH CREDIT BAYLINE OFFICES 5556;3240.82;82698.38;84963426493
2026-09-24;ACH CREDIT PAYSWIFT PAYOUT 27609965;1632.45;84330.83;59815866693
2026-09-24;WIRE OUT HARBORVIEW LAB SERVICES REF 512568;-2136.48;82194.35;31789092530
2026-09-24;ACH DEBIT SEABRIGHT MEDICAL WASTE 315693;-259.56;81934.79;72655617428
2026-09-24;DEBIT CARD PURCHASE COASTAL VET DISTRIBUTO;-383.45;81551.34;10122095565
2026-09-24;CHECK 3144;-887.57;80663.77;21243253989
2026-09-24;POS 2868 COASTAL VET DISTRIBUTO HALF MOON BAY;-409.22;80254.55;91047438579
2026-09-24;CHECK 3158;-256.05;79998.50;33836813174
2026-09-25;ACH CREDIT PAYSWIFT PAYOUT 14373442;1635.98;81634.48;42274473348
2026-09-25;ACH CREDIT PAYSWIFT PAYOUT 24200621;661.23;82295.71;20506010506
2026-09-25;ACH CREDIT PAYSWIFT PAYOUT 50036798;1607.76;83903.47;77814425986
2026-09-25;ACH CREDIT PAYSWIFT PAYOUT 47241967;420.10;84323.57;47904459966
2026-09-25;DEBIT CARD PURCHASE HARBORVIEW LAB SERVICE;-346.03;83977.54;69914250870
2026-09-25;DEBIT CARD PURCHASE SEABRIGHT MEDICAL WAST;-17.97;83959.57;66523755587
2026-09-25;POS 2868 COASTAL VET DISTRIBUTO HALF MOON BAY;-866.70;83092.87;23913635975
2026-09-25;ACH DEBIT KINDRED PET FOOD SUPPLY 316335;-334.94;82757.93;73431124120
2026-09-28;ACH CREDIT PAYSWIFT PAYOUT 11371316;1568.56;84326.49;28830224028
2026-09-28;ACH CREDIT PAYSWIFT PAYOUT 94719650;1221.92;85548.41;16077846563
2026-09-28;POS 2868 HARBORVIEW LAB SERVICE HALF MOON BAY;-341.54;85206.87;33737486120
2026-09-28;WIRE OUT COASTAL VET DISTRIBUTORS REF 595505;-6972.28;78234.59;13556107142
2026-09-28;DEBIT CARD PURCHASE SEABRIGHT MEDICAL WAST;-55.02;78179.57;45471802082
2026-09-28;ACH DEBIT KINDRED PET FOOD SUPPLY 315985;-1018.59;77160.98;18205944261
2026-09-28;ACH DEBIT KINDRED PET FOOD SUPPLY 316074;-462.28;76698.70;67287112547
2026-09-28;ACH DEBIT SEABRIGHT MEDICAL WASTE 316265;-127.86;76570.84;91746374007
2026-09-28;CHECK 3154;-425.42;76145.42;78595088354
2026-09-28;WIRE OUT COASTAL VET DISTRIBUTORS REF 775623;-7925.01;68220.41;73773422177
2026-09-28;WIRE OUT SEABRIGHT MEDICAL WASTE REF 876552;-435.38;67785.03;51984612327
2026-09-28;WIRE OUT HARBORVIEW LAB SERVICES REF 869839;-1501.50;66283.53;11034086302
2026-09-28;CHECK 3160;-1750.21;64533.32;48691850263
2026-09-28;CHECK 3161;-1364.77;63168.55;17873628776
2026-09-29;ACH DEBIT LEDGERLY PAYROLL PPD;-8298.13;54870.42;26311539634
2026-09-30;SERVICE FEE;-18.00;54852.42;60016411857
